Tweet_id,score
1,0.16483116
2,0.031078046
3,0.9056591
4,0.11999917
5,0.119881965
6,0.25788608
7,0.04243485
8,0.27318972
9,0.042259656
10,0.033116587
11,0.20562
12,0.06906407
13,0.8703019
14,0.22847432
15,0.11770685
16,0.14669615
17,0.2179797
18,0.16440023
19,0.98412085
20,0.044300616
21,0.09610744
22,0.32222414
23,0.04368964
24,0.46589994
25,0.6856352
26,0.051700577
27,0.055294707
28,0.8376384
29,0.2845002
30,0.09878863
31,0.20254305
32,0.48332527
33,0.068595335
34,0.06785409
35,0.08567269
36,0.247035
37,0.21256065
38,0.9650551
39,0.030605704
40,0.06991315
41,0.03898905
42,0.034919906
43,0.93838614
44,0.2806313
45,0.14477079
46,0.06907126
47,0.11495212
48,0.28841507
49,0.5357579
50,0.10763015
51,0.057313636
52,0.07105503
53,0.91937345
54,0.08730334
55,0.12003791
56,0.07933957
57,0.087303296
58,0.23017049
59,0.45252326
60,0.18237402
61,0.30120626
62,0.31214866
63,0.37403837
64,0.069815546
65,0.08730334
66,0.23129767
67,0.04270552
68,0.95755136
69,0.068521194
70,0.15107945
71,0.05045055
72,0.20147713
73,0.09275836
74,0.27911752
75,0.07107671
76,0.122681335
77,0.031726114
78,0.27835363
79,0.058410533
80,0.06609895
81,0.2174907
82,0.09092448
83,0.106098756
84,0.30089235
85,0.39536795
86,0.22177394
87,0.12111199
88,0.07322969
89,0.20082603
90,0.13116857
91,0.068698965
92,0.92883533
93,0.09186439
94,0.029495193
95,0.35060325
96,0.045921948
97,0.1849976
98,0.036371585
99,0.2898489
100,0.76644164
101,0.05177671
102,0.097122036
103,0.13101918
104,0.064057186
105,0.03242229
106,0.46544096
107,0.1783805
108,0.19437525
109,0.08097585
110,0.035056356
111,0.21662115
112,0.28106412
113,0.02570762
114,0.12164845
115,0.073921256
116,0.026036523
117,0.025003389
118,0.04675494
119,0.01945374
120,0.072078176
121,0.08730334
122,0.08456061
123,0.03898905
124,0.017128332
125,0.53104883
126,0.04675494
127,0.01351313
128,0.06552133
129,0.96747214
130,0.23443633
131,0.12025344
132,0.44268137
133,0.14713518
134,0.109884255
135,0.120506935
136,0.10276569
137,0.026036523
138,0.46589994
139,0.11225677
140,0.20804635
141,0.6519473
142,0.11268389
143,0.3585354
144,0.24618602
145,0.02532672
146,0.5348452
147,0.64797026
148,0.12025344
149,0.82268196
150,0.05499717
151,0.15711358
152,0.17348367
153,0.026036523
154,0.61798567
155,0.37907884
156,0.05075421
157,0.20019971
158,0.9315942
159,0.0947979
160,0.1899144
161,0.3576696
162,0.019463167
163,0.20629904
164,0.07285786
165,0.4423631
166,0.1727696
167,0.19449234
168,0.20374775
169,0.07043313
170,0.19476773
171,0.14681739
172,0.06020599
173,0.46616665
174,0.16447067
175,0.06915425
176,0.07388559
177,0.066098556
178,0.07172363
179,0.04102267
180,0.83785176
181,0.28949773
182,0.026036523
183,0.4203471
184,0.072984084
185,0.028028999
186,0.21585928
187,0.07356298
188,0.047142252
189,0.09528629
190,0.17427549
191,0.26820636
192,0.06532119
193,0.08089301
194,0.03573
195,0.071072794
196,0.23064703
197,0.98284787
198,0.16444807
199,0.06274695
200,0.050180655
201,0.15722497
202,0.37739238
203,0.111127034
204,0.10225665
205,0.089296065
206,0.11940002
207,0.030736053
208,0.08730334
209,0.087303296
210,0.8353001
211,0.047899414
212,0.22441244
213,0.087303296
214,0.5356143
215,0.93349975
216,0.023896743
217,0.6079781
218,0.7968952
219,0.10186177
220,0.030298721
221,0.040707722
222,0.008482103
223,0.05711732
224,0.020994965
225,0.16054934
226,0.02615584
227,0.7647259
228,0.93604475
229,0.047009397
230,0.08456229
231,0.025458323
232,0.034678057
233,0.072281815
234,0.08707412
235,0.43704018
236,0.12067725
237,0.039126467
238,0.039677404
239,0.15869582
240,0.0584399
241,0.22333062
242,0.6519473
243,0.09694547
244,0.05085145
245,0.05818652
246,0.18482327
247,0.14806008
248,0.9019212
249,0.1971154
250,0.069986835
251,0.4131409
252,0.10314401
253,0.11722466
254,0.22200008
255,0.068454176
256,0.9017743
257,0.4643786
258,0.903035
259,0.3029191
260,0.26525158
261,0.08602575
262,0.045060035
263,0.18823907
264,0.054364696
265,0.042208154
266,0.94618297
267,0.021696405
268,0.087303296
269,0.04005723
270,0.19491313
271,0.07541208
272,0.08948287
273,0.15041606
274,0.23319551
275,0.948649
276,0.10143691
277,0.04515743
278,0.08678985
279,0.06407267
280,0.19504191
281,0.5030678
282,0.040503338
283,0.0903978
284,0.18139556
285,0.06431792
286,0.12384878
287,0.112627074
288,0.06983021
289,0.05066929
290,0.24369715
291,0.22496904
292,0.094772846
293,0.146007
294,0.87185377
295,0.76644164
296,0.228209
297,0.24445386
298,0.97299904
299,0.03573
300,0.20276088
301,0.16867803
302,0.038767725
303,0.10299968
304,0.12913947
305,0.57028335
306,0.071830034
307,0.068579435
308,0.22153573
309,0.19299105
310,0.05248595
311,0.07159731
312,0.09464531
313,0.14884709
314,0.34593397
315,0.022381162
316,0.28127736
317,0.23329684
318,0.03200428
319,0.28310177
320,0.06880999
321,0.11438891
322,0.20149411
323,0.22936594
324,0.4324979
325,0.38830134
326,0.19650401
327,0.7143426
328,0.061987787
329,0.03349845
330,0.102737635
331,0.28253388
332,0.08928127
333,0.61935794
334,0.05353116
335,0.16515574
336,0.327343
337,0.43294218
338,0.8547109
339,0.027415883
340,0.07827765
341,0.06553929
342,0.08730334
343,0.87302107
344,0.06690233
345,0.1679957
346,0.87185377
347,0.07474487
348,0.08730334
349,0.07301391
350,0.055922437
351,0.08142568
352,0.06788862
353,0.123878494
354,0.13445549
355,0.19340013
356,0.08055602
357,0.17490704
358,0.052372117
359,0.21818458
360,0.14049491
361,0.17584035
362,0.087303296
363,0.1666598
364,0.07166994
365,0.0330336
366,0.04241877
367,0.08730334
368,0.91692644
369,0.067873195
370,0.06475245
371,0.37093127
372,0.0609905
373,0.08959002
374,0.05883418
375,0.1439099
376,0.093774304
377,0.89932173
378,0.045140393
379,0.14802551
380,0.13797548
381,0.06782225
382,0.6519473
383,0.035490915
384,0.10978363
385,0.26133487
386,0.117075354
387,0.15695263
388,0.1601511
389,0.43062308
390,0.02649347
391,0.23902994
392,0.11332218
393,0.67779493
394,0.08730334
395,0.015804157
396,0.052317698
397,0.066534504
398,0.13648541
399,0.21984611
400,0.08730334
401,0.20688997
402,0.04973413
403,0.43784454
404,0.19163568
405,0.25892806
406,0.08566768
407,0.08573235
408,0.55106574
409,0.048692606
410,0.051144876
411,0.7524018
412,0.28312328
413,0.08332991
414,0.11716251
415,0.07256213
416,0.56821465
417,0.7886199
418,0.07068577
419,0.096510805
420,0.08605947
421,0.04477608
422,0.06989445
423,0.68910694
424,0.037972815
425,0.5473082
426,0.046592757
427,0.06928959
428,0.68869936
429,0.176765
430,0.14246888
431,0.14973019
432,0.15191919
433,0.09043173
434,0.86898154
435,0.960139
436,0.06512932
437,0.29729074
438,0.022490496
439,0.035135474
440,0.07122711
441,0.18311958
442,0.17889354
443,0.13421197
444,0.0751596
445,0.033545148
446,0.30597252
447,0.041719593
448,0.037271526
449,0.0801393
450,0.17204009
451,0.047970753
452,0.087303296
453,0.06986426
454,0.12080718
455,0.033904508
456,0.07140725
457,0.11593211
458,0.12420508
459,0.05134636
460,0.025558641
461,0.12930341
462,0.04169659
463,0.964636
464,0.022668498
465,0.9842272
466,0.04453018
467,0.90982157
468,0.13886155
469,0.05528779
470,0.117144175
471,0.2824359
472,0.06699019
473,0.96469957
474,0.56415206
475,0.043004453
476,0.13467014
477,0.17087221
478,0.055825967
479,0.030317312
480,0.10420533
481,0.08730334
482,0.08088368
483,0.24511674
484,0.9785658
485,0.05552373
486,0.33379638
487,0.08730334
488,0.042106695
489,0.36316213
490,0.42362282
491,0.069376335
492,0.017190948
493,0.17167923
494,0.17633699
495,0.2081567
496,0.14948834
497,0.035691086
498,0.20562
499,0.3654994
500,0.066545404
501,0.1821508
502,0.08157255
503,0.07157204
504,0.11228294
505,0.3118142
506,0.36860353
507,0.933428
508,0.10690952
509,0.1649546
510,0.03448509
511,0.07075588
512,0.17294902
513,0.13421007
514,0.22329484
515,0.025458323
516,0.05670796
517,0.8756345
518,0.23207514
519,0.2197284
520,0.037690133
521,0.39102146
522,0.040584736
523,0.94735736
524,0.04147035
525,0.12703954
526,0.026846215
527,0.032822896
528,0.11620045
529,0.1410209
530,0.31390235
531,0.28005663
532,0.32158616
533,0.05044155
534,0.7728338
535,0.18012667
536,0.068874605
537,0.11149424
538,0.06699482
539,0.23069575
540,0.95518947
541,0.02933882
542,0.014852091
543,0.094969474
544,0.08353923
545,0.10074803
546,0.025236707
547,0.03548374
548,0.09413545
549,0.31568512
550,0.11691103
551,0.050023075
552,0.06646178
553,0.08958795
554,0.07488943
555,0.09211693
556,0.04322548
557,0.06966893
558,0.17469701
559,0.16781095
560,0.39757392
561,0.20546298
562,0.44361562
563,0.048021454
564,0.11004242
565,0.087199315
566,0.051875535
567,0.08730334
568,0.08730334
569,0.04673956
570,0.04885308
571,0.04937015
572,0.03458434
573,0.10361983
574,0.09360719
575,0.041536745
576,0.07177078
577,0.966828
578,0.05382743
579,0.11520709
580,0.22918507
581,0.04630182
582,0.6279818
583,0.22997609
584,0.055480264
585,0.07147544
586,0.07480624
587,0.18562676
588,0.08730334
589,0.6862492
590,0.20665549
591,0.07964048
592,0.10768132
593,0.21216524
594,0.89954036
595,0.06530183
596,0.097744256
597,0.06064763
598,0.1634027
599,0.7213846
600,0.121452644
601,0.6186982
602,0.32242563
603,0.10481713
604,0.09340039
605,0.06878356
606,0.064210445
607,0.11882195
608,0.38394815
609,0.3817339
610,0.091420785
611,0.034887347
612,0.11727134
613,0.46589994
614,0.5450975
615,0.21424499
616,0.14556113
617,0.14164028
618,0.040503956
619,0.0963713
620,0.6479155
621,0.08730334
622,0.07352493
623,0.032606043
624,0.073228575
625,0.19949894
626,0.20493084
627,0.07816168
628,0.0789929
629,0.15757209
630,0.15697096
631,0.16372126
632,0.32155633
633,0.3592112
634,0.29759896
635,0.23348336
636,0.07382314
637,0.071542874
638,0.026513485
639,0.03964877
640,0.1140403
641,0.15126583
642,0.038372986
643,0.01625321
644,0.070614286
645,0.0730469
646,0.19242074
647,0.46314785
648,0.9341233
649,0.06551536
650,0.2690008
651,0.04817276
652,0.9331688
653,0.1589066
654,0.2764731
655,0.60982287
656,0.02867995
657,0.068617426
658,0.23494308
659,0.04853201
660,0.055843055
661,0.43159696
662,0.2506611
663,0.19639337
664,0.066702835
665,0.07726089
666,0.9529026
667,0.02963232
668,0.43534005
669,0.06975187
670,0.17340213
671,0.037171014
672,0.087303296
673,0.3211843
674,0.027514813
675,0.034177657
676,0.07499091
677,0.39526978
678,0.086429834
679,0.56845605
680,0.052663907
681,0.07318213
682,0.05431092
683,0.102985665
684,0.0568144
685,0.1174412
686,0.029694738
687,0.07898604
688,0.036877684
689,0.096693136
690,0.087303296
691,0.04442649
692,0.063626796
693,0.041972212
694,0.117459364
695,0.11027675
696,0.7388681
697,0.04346392
698,0.32196832
699,0.006054925
700,0.067700304
701,0.9205056
702,0.949804
703,0.013718168
704,0.025386067
705,0.087303296
706,0.7670909
707,0.10010046
708,0.13110481
709,0.24461374
710,0.017189244
711,0.08103977
712,0.09087141
713,0.19599883
714,0.95920646
715,0.96382236
716,0.92966884
717,0.19252308
718,0.2586448
719,0.07439149
720,0.118342094
721,0.037419956
722,0.66553557
723,0.5517294
724,0.06899701
725,0.058628786
726,0.9108359
727,0.25033918
728,0.11150555
729,0.20562
730,0.16239995
731,0.09398985
732,0.12147872
733,0.3223819
734,0.9480649
735,0.245609
736,0.22255147
737,0.108006716
738,0.9227742
739,0.9001343
740,0.11695836
741,0.8997053
742,0.039197613
743,0.064105615
744,0.023369245
745,0.041936427
746,0.073333256
747,0.029501382
748,0.16451697
749,0.09164302
750,0.048680138
751,0.1220534
752,0.02744209
753,0.06828133
754,0.012754446
755,0.17316699
756,0.06569973
757,0.27899656
758,0.109081686
759,0.7766627
760,0.32338798
761,0.23171644
762,0.0650037
763,0.14736572
764,0.08624152
765,0.090016864
766,0.064061485
767,0.073971555
768,0.123989895
769,0.043339875
770,0.027413001
771,0.06996657
772,0.11483509
773,0.3745477
774,0.033427067
775,0.086041965
776,0.07779786
777,0.23836415
778,0.10190645
779,0.38658136
780,0.051134937
781,0.32206434
782,0.12913993
783,0.11538365
784,0.24002746
785,0.8996436
786,0.06497705
787,0.079089195
788,0.069950595
789,0.04560456
790,0.17586815
791,0.03898905
792,0.06482206
793,0.04075145
794,0.021669775
795,0.11606589
796,0.09277901
797,0.098581895
798,0.0705622
799,0.18694776
800,0.45535585
801,0.06761699
802,0.0726438
803,0.22581072
804,0.03783344
805,0.83258295
806,0.04613672
807,0.06700859
808,0.14625774
809,0.025856331
810,0.064002044
811,0.060129385
812,0.92703164
813,0.062833644
814,0.049122144
815,0.040255718
816,0.038600277
817,0.09722956
818,0.2518552
819,0.2961862
820,0.32143813
821,0.18914439
822,0.08730334
823,0.06390021
824,0.910251
825,0.074442886
826,0.064385556
827,0.121680826
828,0.35745737
829,0.38982198
830,0.9168736
831,0.06918076
832,0.062446833
833,0.0793979
834,0.025382066
835,0.2770468
836,0.60890996
837,0.07404061
838,0.06968893
839,0.14230649
840,0.07021155
841,0.17251176
842,0.8994981
843,0.18481971
844,0.20608552
845,0.08730334
846,0.06642008
847,0.14999183
848,0.19721577
849,0.036285516
850,0.022780955
851,0.20223658
852,0.068070635
853,0.06861166
854,0.36099908
855,0.116677284
856,0.023177573
857,0.31706807
858,0.06921377
859,0.37231404
860,0.37202
861,0.08451205
862,0.22260036
863,0.069731526
864,0.13654126
865,0.07744792
866,0.078364134
867,0.029583376
868,0.08539795
869,0.3213882
870,0.22566655
871,0.19314031
872,0.254316
873,0.021705968
874,0.10745901
875,0.10250786
876,0.20077822
877,0.29257223
878,0.22558448
879,0.38010576
880,0.17821117
881,0.08730334
882,0.19075659
883,0.14282092
884,0.07737068
885,0.8349013
886,0.22547981
887,0.09252099
888,0.025472594
889,0.03180567
890,0.09265582
891,0.06485856
892,0.0650057
893,0.08489986
894,0.40513167
895,0.5772337
896,0.12153114
897,0.20562
898,0.9664999
899,0.106669076
900,0.03082784
901,0.123330794
902,0.40638897
903,0.072694495
904,0.44511634
905,0.03448509
906,0.32722253
907,0.038636293
908,0.15170932
909,0.3157809
910,0.08875417
911,0.3265741
912,0.15152192
913,0.1184026
914,0.11393703
915,0.027425377
916,0.3611576
917,0.14411812
918,0.06716203
919,0.19380537
920,0.08637084
921,0.7714696
922,0.069823936
923,0.07477732
924,0.061823018
925,0.8866354
926,0.07073789
927,0.21229202
928,0.06580673
929,0.3178814
930,0.066263884
931,0.06478506
932,0.28316528
933,0.0626837
934,0.0336902
935,0.19578275
936,0.016496757
937,0.087303296
938,0.15887666
939,0.23809671
940,0.06907472
941,0.12081594
942,0.15324825
943,0.10503507
944,0.0381991
945,0.26851568
946,0.114122085
947,0.23960078
948,0.7143426
949,0.19572037
950,0.23209384
951,0.20764734
952,0.03631765
953,0.032643545
954,0.034887347
955,0.19990453
956,0.1192674
957,0.019854598
958,0.2233196
959,0.046469957
960,0.07893182
961,0.073971555
962,0.1633344
963,0.08242341
964,0.033728782
965,0.054420426
966,0.03821672
967,0.088819936
968,0.4673754
969,0.16792585
970,0.03177577
971,0.15175164
972,0.090432286
973,0.03848909
974,0.27915174
975,0.039018113
976,0.034887347
977,0.08730334
978,0.0827942
979,0.31405792
980,0.19252308
981,0.070135675
982,0.21694577
983,0.13608123
984,0.07272351
985,0.12415449
986,0.037278824
987,0.083905965
988,0.09638243
989,0.16260162
990,0.90258384
991,0.20040594
992,0.053423423
993,0.19739002
994,0.11851107
995,0.45011175
996,0.03143918
997,0.08730334
998,0.07058045
999,0.17805961
1000,0.08134405
1001,0.0660771
1002,0.40006554
1003,0.08730334
1004,0.06529706
1005,0.06611903
1006,0.07087813
1007,0.24205373
1008,0.08730334
1009,0.13866629
1010,0.31896117
1011,0.31005797
1012,0.086592704
1013,0.06721617
1014,0.03875462
1015,0.2778771
1016,0.024115423
1017,0.059962243
1018,0.77151203
1019,0.50223607
1020,0.03695752
1021,0.024922833
1022,0.071525924
1023,0.08283758
1024,0.28725293
1025,0.03324107
1026,0.23073149
1027,0.14036629
1028,0.8377741
1029,0.040954564
1030,0.046171237
1031,0.1787758
1032,0.124108225
1033,0.09487452
1034,0.08730334
1035,0.033971712
1036,0.17874113
1037,0.56780624
1038,0.46589994
1039,0.4421993
1040,0.17496154
1041,0.5029884
1042,0.08730334
1043,0.92703164
1044,0.09739823
1045,0.06725931
1046,0.76644164
1047,0.30677935
1048,0.051384483
1049,0.047189947
1050,0.13489929
1051,0.121062756
1052,0.07190872
1053,0.09731194
1054,0.46589994
1055,0.06837004
1056,0.068528794
1057,0.061069846
1058,0.028906817
1059,0.9066189
1060,0.11225822
1061,0.18932475
1062,0.44678634
1063,0.11633894
1064,0.65552354
1065,0.9821534
1066,0.2782832
1067,0.077899784
1068,0.24263829
1069,0.22000675
1070,0.13314173
1071,0.121750645
1072,0.08568107
1073,0.09372902
1074,0.50742835
1075,0.87813276
1076,0.26887143
1077,0.08891702
1078,0.36183602
1079,0.18664283
1080,0.07089199
1081,0.09893915
1082,0.57139826
1083,0.10930103
1084,0.04333414
1085,0.03439505
1086,0.1706731
1087,0.051757645
1088,0.12214213
1089,0.8363033
1090,0.06758246
1091,0.07965785
1092,0.0644682
1093,0.08475598
1094,0.03270475
1095,0.06542864
1096,0.08479383
1097,0.08730334
1098,0.070646435
1099,0.112945646
1100,0.035600584
1101,0.17544588
1102,0.7388681
1103,0.046271544
1104,0.03743726
1105,0.026831653
1106,0.34737143
1107,0.051591527
1108,0.034887347
1109,0.06522087
1110,0.041909967
1111,0.11947318
1112,0.09189198
1113,0.11609255
1114,0.11609174
1115,0.03017697
1116,0.04179154
1117,0.06697572
1118,0.17553021
1119,0.9334223
1120,0.27103427
1121,0.10257317
1122,0.055778187
1123,0.080426924
1124,0.16342318
1125,0.3129791
1126,0.3712372
1127,0.06301795
1128,0.054900188
1129,0.17719872
1130,0.07698841
1131,0.008901594
1132,0.1081294
1133,0.2543287
1134,0.09700079
1135,0.1293121
1136,0.032218114
1137,0.13456748
1138,0.010425808
1139,0.067530446
1140,0.25734293
1141,0.83785176
1142,0.22400996
1143,0.019164218
1144,0.11521269
1145,0.09357492
1146,0.020312224
1147,0.7388681
1148,0.22327955
1149,0.14469554
1150,0.5245033
1151,0.102467775
1152,0.08051354
1153,0.08789552
1154,0.06828938
1155,0.024771463
1156,0.087303296
1157,0.07315207
1158,0.816901
1159,0.36439025
1160,0.22733872
1161,0.093386315
1162,0.09095287
1163,0.7051951
1164,0.09407473
1165,0.041620843
1166,0.6094617
1167,0.07839617
1168,0.0639335
1169,0.2081567
1170,0.3513939
1171,0.83785176
1172,0.22644155
1173,0.39239103
1174,0.49096748
1175,0.07626513
1176,0.0522442
1177,0.10012474
1178,0.17704433
1179,0.22519238
1180,0.03542522
1181,0.06429475
1182,0.32158658
1183,0.05448222
1184,0.27724835
1185,0.8513281
1186,0.050996434
1187,0.4191765
1188,0.097169206
1189,0.061137553
1190,0.06936763
1191,0.07238015
1192,0.32131055
1193,0.4678121
1194,0.17179994
1195,0.8447827
1196,0.87185377
1197,0.073289104
1198,0.4407843
1199,0.85667616
1200,0.025643144
1201,0.09395672
1202,0.92313737
1203,0.06981845
1204,0.15529482
1205,0.039679896
1206,0.113776386
1207,0.06512018
1208,0.02329052
1209,0.8717789
1210,0.06894346
1211,0.06427826
1212,0.037190787
1213,0.08361849
1214,0.0672326
1215,0.064290956
1216,0.03448509
1217,0.08730334
1218,0.010191524
1219,0.028718058
1220,0.042198546
1221,0.08730334
1222,0.96158785
1223,0.039407548
1224,0.18222076
1225,0.03898905
1226,0.18667838
1227,0.89588875
1228,0.117265664
1229,0.023519969
1230,0.18840414
1231,0.037928563
1232,0.3213658
1233,0.87175405
1234,0.036081176
1235,0.8958572
1236,0.0489833
1237,0.07023548
1238,0.12088734
1239,0.035904516
1240,0.11362147
1241,0.2991806
1242,0.34939703
1243,0.22761858
1244,0.22063889
1245,0.94966143
1246,0.8441506
1247,0.032943983
1248,0.15669334
1249,0.19422652
1250,0.051384505
1251,0.10391943
1252,0.040534716
1253,0.06431531
1254,0.025380408
1255,0.078065544
1256,0.017995225
1257,0.06432422
1258,0.16777258
1259,0.40311342
1260,0.11232628
1261,0.052634586
1262,0.21023478
1263,0.047427505
1264,0.11219627
1265,0.10283422
1266,0.08197155
1267,0.93165123
1268,0.16668592
1269,0.89955246
1270,0.037507005
1271,0.029574566
1272,0.009311952
1273,0.088613056
1274,0.10465532
1275,0.1685326
1276,0.09564726
1277,0.6519473
1278,0.08730334
1279,0.8993477
1280,0.5343637
1281,0.06768599
1282,0.045111716
1283,0.46247688
1284,0.18131033
1285,0.42109868
1286,0.03898905
1287,0.06833228
1288,0.187937
1289,0.069729835
1290,0.14241193
1291,0.6519473
1292,0.03507798
1293,0.07309167
1294,0.041721843
1295,0.07637189
1296,0.026393563
1297,0.08730334
1298,0.49681503
1299,0.31890944
1300,0.4411114
1301,0.05562485
1302,0.022223268
1303,0.2991672
1304,0.06449726
1305,0.036858335
1306,0.7143426
1307,0.11927167
1308,0.12633082
1309,0.052670497
1310,0.030770382
1311,0.04703674
1312,0.14132658
1313,0.08362778
1314,0.08265545
1315,0.0719838
1316,0.8761441
1317,0.20153864
1318,0.06533259
1319,0.12471847
1320,0.20670491
1321,0.020640165
1322,0.32129437
1323,0.13141935
1324,0.054607946
1325,0.2224547
1326,0.12032537
1327,0.069826886
1328,0.17571259
1329,0.4091102
1330,0.6519473
1331,0.06719168
1332,0.24083136
1333,0.034887347
1334,0.104811236
1335,0.30965444
1336,0.34612575
1337,0.042179044
1338,0.6204974
1339,0.07307224
1340,0.3858163
1341,0.12831935
1342,0.19874737
1343,0.10348895
1344,0.046784934
1345,0.11585109
1346,0.038701557
1347,0.08730334
1348,0.08730334
1349,0.17952853
1350,0.21168736
1351,0.0874768
1352,0.9472598
1353,0.14157453
1354,0.10099152
1355,0.03909298
1356,0.041290052
1357,0.21684645
1358,0.1287993
1359,0.02985714
1360,0.046351463
1361,0.11113748
1362,0.07948124
1363,0.060706418
1364,0.24438433
1365,0.18421736
1366,0.026036536
1367,0.06829027
1368,0.105982006
1369,0.080749005
1370,0.43747208
1371,0.13354096
1372,0.08135767
1373,0.37186885
1374,0.189098
1375,0.14488855
1376,0.015422425
1377,0.27053162
1378,0.026036523
1379,0.22604762
1380,0.21684645
1381,0.20285769
1382,0.07924216
1383,0.2612694
1384,0.11368245
1385,0.5325866
1386,0.12145548
1387,0.07876214
1388,0.064341016
1389,0.026036523
1390,0.11507573
1391,0.57203764
1392,0.07153971
1393,0.0280202
1394,0.1967954
1395,0.13523601
1396,0.05525811
1397,0.029471062
1398,0.257187
1399,0.030933479
1400,0.9561871
1401,0.026036536
1402,0.21100706
1403,0.122128315
1404,0.020084264
1405,0.08276694
1406,0.22842865
1407,0.09528535
1408,0.06768213
1409,0.18133317
1410,0.06259354
1411,0.093439296
1412,0.026036523
1413,0.19886541
1414,0.22936507
1415,0.35949028
1416,0.037297077
1417,0.104235515
1418,0.22521609
1419,0.19252308
1420,0.14569739
1421,0.44042233
1422,0.9332056
1423,0.37502423
1424,0.02452808
1425,0.17724903
1426,0.21974434
1427,0.036709156
1428,0.042176973
1429,0.13343322
1430,0.036064114
1431,0.20562
1432,0.29167908
1433,0.026036536
1434,0.23534103
1435,0.07159833
1436,0.08317342
1437,0.052187946
1438,0.3850833
1439,0.087303296
1440,0.03752537
1441,0.07223824
1442,0.13402614
1443,0.0958543
1444,0.019833365
1445,0.0804158
1446,0.23253338
1447,0.887492
1448,0.08730334
1449,0.23963867
1450,0.08730334
1451,0.44318184
1452,0.2015816
1453,0.041203268
1454,0.10839135
1455,0.046896122
1456,0.116826564
1457,0.10755408
1458,0.26550967
1459,0.064105794
1460,0.21521743
1461,0.119529806
1462,0.036681544
1463,0.53295934
1464,0.1911813
1465,0.034887347
1466,0.10746306
1467,0.0540228
1468,0.026036523
1469,0.10198603
1470,0.70083624
1471,0.032171093
1472,0.10123021
1473,0.2449991
1474,0.035589304
1475,0.087303296
1476,0.06432143
1477,0.09345474
1478,0.047724936
1479,0.15021014
1480,0.08397521
1481,0.3252394
1482,0.6079781
1483,0.113132186
1484,0.1830557
1485,0.04631385
1486,0.2851709
1487,0.066072054
1488,0.32156053
1489,0.14176108
1490,0.12014503
1491,0.20400916
1492,0.08730334
1493,0.08583896
1494,0.06596207
1495,0.034887347
1496,0.026527803
1497,0.08730334
1498,0.0791448
1499,0.18591386
1500,0.026036523
1501,0.08838083
1502,0.2215039
1503,0.9818121
1504,0.06533727
1505,0.10631712
1506,0.08320418
1507,0.06612735
1508,0.27753004
1509,0.07117817
1510,0.07134236
1511,0.14112273
1512,0.05592519
1513,0.12329276
1514,0.022275435
1515,0.20223658
1516,0.02924566
1517,0.03780862
1518,0.14639558
1519,0.17628159
1520,0.121939614
1521,0.117489226
1522,0.052049372
1523,0.08036315
1524,0.12192331
1525,0.11497589
1526,0.106763385
1527,0.040187065
1528,0.087066434
1529,0.115902744
1530,0.21220091
1531,0.22170593
1532,0.41368222
1533,0.8736864
1534,0.12400646
1535,0.15363175
1536,0.011569248
1537,0.3601617
1538,0.34410617
1539,0.07132076
1540,0.115982786
1541,0.17849344
1542,0.2613514
1543,0.9258141
1544,0.12263532
1545,0.8714377
1546,0.22288848
1547,0.08494326
1548,0.0810366
1549,0.057057675
1550,0.49957755
1551,0.1409576
1552,0.08730334
1553,0.08730334
1554,0.08730334
1555,0.93330836
1556,0.12280687
1557,0.022018269
1558,0.04303506
1559,0.16626477
1560,0.9332384
1561,0.226896
1562,0.06644317
1563,0.65696067
1564,0.11720122
1565,0.042714845
1566,0.079457305
1567,0.18810728
1568,0.09220601
1569,0.08730334
1570,0.04821843
1571,0.0660563
1572,0.047982126
1573,0.11914968
1574,0.1257619
1575,0.91045284
1576,0.120227814
1577,0.11949138
1578,0.05600485
1579,0.08730334
1580,0.14211334
1581,0.15258242
1582,0.068481565
1583,0.015209151
1584,0.19252308
1585,0.76124513
1586,0.18254103
1587,0.1530374
1588,0.12413449
1589,0.043956775
1590,0.50238204
1591,0.120640054
1592,0.46589994
1593,0.06272048
1594,0.19937181
1595,0.068711646
1596,0.23371027
1597,0.27067417
1598,0.8723751
1599,0.20017453
1600,0.09280093
1601,0.14300399
1602,0.8028341
1603,0.06500553
1604,0.25804502
1605,0.11529576
1606,0.050756067
1607,0.087303296
1608,0.14222477
1609,0.047691
1610,0.14855959
1611,0.071355045
1612,0.38712284
1613,0.040217515
1614,0.21126767
1615,0.16923738
1616,0.17743254
1617,0.18754792
1618,0.063913815
1619,0.009656524
1620,0.055407733
1621,0.035971608
1622,0.66553557
1623,0.08730334
1624,0.3667044
1625,0.11753939
1626,0.22447234
1627,0.90813
1628,0.6193424
1629,0.11865828
1630,0.08099897
1631,0.03822016
1632,0.024512202
1633,0.36490175
1634,0.22562748
1635,0.035722584
1636,0.04874561
1637,0.04085215
1638,0.034887347
1639,0.233318
1640,0.08971676
1641,0.1890171
1642,0.19680855
1643,0.073211804
1644,0.09142829
1645,0.041938696
1646,0.12119973
1647,0.021283982
1648,0.060483906
1649,0.93206835
1650,0.20613807
1651,0.068587996
1652,0.6859132
1653,0.12265586
1654,0.090440154
1655,0.10414565
1656,0.066770926
1657,0.13828474
1658,0.15770735
1659,0.1681463
1660,0.064851806
1661,0.12410774
1662,0.11945916
1663,0.2582334
1664,0.1956494
1665,0.5129554
1666,0.24637847
1667,0.028757643
1668,0.36367756
1669,0.9482129
1670,0.17953008
1671,0.277304
1672,0.051301565
1673,0.19298866
1674,0.5328448
1675,0.07541029
1676,0.30801818
1677,0.025224227
1678,0.017009743
1679,0.042550407
1680,0.07178683
1681,0.03153521
1682,0.09905641
1683,0.020415654
1684,0.10893094
1685,0.066370636
1686,0.036536686
1687,0.041198615
1688,0.02928008
1689,0.32129973
1690,0.5007227
1691,0.06710181
1692,0.7143426
1693,0.37137824
1694,0.064851806
1695,0.08926882
1696,0.21078157
1697,0.17074654
1698,0.26607573
1699,0.121897995
1700,0.035505846
1701,0.06611903
1702,0.1057234
1703,0.13285448
1704,0.11043977
1705,0.12258115
1706,0.20147713
1707,0.074691646
1708,0.5358818
1709,0.0747523
1710,0.035659503
1711,0.7143426
1712,0.37843937
1713,0.933391
1714,0.16249138
1715,0.05173597
1716,0.23520847
1717,0.02495738
1718,0.048020463
1719,0.40760073
1720,0.1760288
1721,0.24056926
1722,0.22727357
1723,0.121233776
1724,0.968046
1725,0.9273018
1726,0.89553
1727,0.09629383
1728,0.024452752
1729,0.32164624
1730,0.05977461
1731,0.047778636
1732,0.0642044
1733,0.15098181
1734,0.16210943
1735,0.08730334
1736,0.07152453
1737,0.07060686
1738,0.24719608
1739,0.06211579
1740,0.63216317
1741,0.48507538
1742,0.5258739
1743,0.06884324
1744,0.08730334
1745,0.54790086
1746,0.028059706
1747,0.21335688
1748,0.096058495
1749,0.986102
1750,0.9125116
1751,0.04707917
1752,0.21004464
1753,0.09197103
1754,0.28128782
1755,0.060879998
1756,0.06799797
1757,0.1884905
1758,0.1220003
1759,0.06813691
1760,0.28223312
1761,0.08940965
1762,0.38860273
1763,0.20562
1764,0.07026146
1765,0.22681363
1766,0.22602633
1767,0.120631225
1768,0.023628818
1769,0.033109892
1770,0.8656178
1771,0.054702763
1772,0.116499886
1773,0.18736118
1774,0.010866936
1775,0.12445801
1776,0.08493982
1777,0.05143368
1778,0.08110085
1779,0.20147713
1780,0.06212157
1781,0.072054334
1782,0.83203053
1783,0.066838704
1784,0.030026024
1785,0.09530198
1786,0.051930208
1787,0.23348254
1788,0.098303996
1789,0.08730334
1790,0.035046566
1791,0.041419704
1792,0.91375494
1793,0.9658244
1794,0.10767976
1795,0.025726838
1796,0.92703164
1797,0.46589994
1798,0.19945303
1799,0.8839944
1800,0.17529821
1801,0.12409677
1802,0.08274218
1803,0.10247641
1804,0.296007
1805,0.55059594
1806,0.0651224
1807,0.12315924
1808,0.071559556
1809,0.15230136
1810,0.36269847
1811,0.15974922
1812,0.29634655
1813,0.06721237
1814,0.07340112
1815,0.07176149
1816,0.9511538
1817,0.069593444
1818,0.316483
1819,0.83785176
1820,0.025288472
1821,0.23275982
1822,0.097858265
1823,0.22472553
1824,0.051384483
1825,0.12400513
1826,0.08730334
1827,0.2686204
1828,0.83785176
1829,0.10651109
1830,0.0892353
1831,0.63866794
1832,0.05622934
1833,0.07430682
1834,0.20336767
1835,0.080931716
1836,0.11407246
1837,0.015579703
1838,0.14881925
1839,0.13671091
1840,0.06885709
1841,0.084854856
1842,0.23315775
1843,0.025241101
1844,0.32283506
1845,0.09423686
1846,0.101981916
1847,0.02421983
1848,0.06491364
1849,0.035475995
1850,0.04864476
1851,0.37799552
1852,0.92337465
1853,0.0694096
1854,0.027333211
1855,0.11167088
1856,0.42846182
1857,0.07651955
1858,0.22984232
1859,0.045907155
1860,0.21736962
1861,0.3747937
1862,0.27896425
1863,0.22760467
1864,0.37414765
1865,0.13908508
1866,0.05396675
1867,0.1281917
1868,0.10717253
1869,0.03408317
1870,0.057392053
1871,0.2058674
1872,0.19252308
1873,0.048761778
1874,0.07888867
1875,0.2814648
1876,0.21602495
1877,0.2053542
1878,0.037678927
1879,0.04567477
1880,0.08722406
1881,0.0656109
1882,0.11066359
1883,0.6190957
1884,0.116641566
1885,0.051363654
1886,0.11649872
1887,0.22848822
1888,0.018482447
1889,0.048565388
1890,0.4821839
1891,0.2956207
1892,0.1956309
1893,0.1853195
1894,0.1853195
1895,0.1223048
1896,0.064101376
1897,0.24351697
1898,0.22738662
1899,0.04999865
1900,0.061776493
1901,0.12322059
1902,0.07218563
1903,0.10167784
1904,0.10777147
1905,0.046699636
1906,0.11375103
1907,0.61917746
1908,0.26455176
1909,0.9665591
1910,0.17566061
1911,0.117157616
1912,0.050668385
1913,0.1719632
1914,0.091433175
1915,0.11833482
1916,0.07785609
1917,0.085635304
1918,0.026102835
1919,0.0898776
1920,0.2360508
1921,0.25221145
1922,0.07508759
1923,0.13522919
1924,0.012804568
1925,0.15364799
1926,0.1983111
1927,0.6107333
1928,0.12038945
1929,0.20298675
1930,0.06328025
1931,0.059428185
1932,0.027210215
1933,0.54528356
1934,0.17539051
1935,0.10023438
1936,0.07245807
1937,0.03457833
1938,0.16358939
1939,0.09264583
1940,0.10237807
1941,0.08730334
1942,0.067384504
1943,0.53081256
1944,0.21329074
1945,0.38508326
1946,0.044830944
1947,0.24515663
1948,0.19936545
1949,0.026703745
1950,0.07354026
1951,0.065073214
1952,0.042230465
1953,0.087303355
1954,0.066347234
1955,0.064939946
1956,0.11616327
1957,0.12169868
1958,0.020051915
1959,0.053888742
1960,0.04193416
1961,0.10237805
1962,0.091433175
1963,0.12032908
1964,0.06314431
1965,0.27840623
1966,0.321405
1967,0.0441589
1968,0.22838129
1969,0.21153194
1970,0.16885099
1971,0.3778211
1972,0.071323164
1973,0.085814595
1974,0.09761947
1975,0.11209334
1976,0.13355231
1977,0.036567338
1978,0.089684635
1979,0.086036116
1980,0.12738454
1981,0.10282492
1982,0.2601536
1983,0.26595798
1984,0.06427029
1985,0.20933229
1986,0.07182358
1987,0.32590255
1988,0.07468704
1989,0.22425182
1990,0.013597568
1991,0.061683863
1992,0.049812984
1993,0.5314714
1994,0.8210291
1995,0.08171271
1996,0.07184356
1997,0.17831105
1998,0.06979671
1999,0.2829471
2000,0.08727956
2001,0.46589994
2002,0.029397104
2003,0.033171415
2004,0.13279665
2005,0.1934802
2006,0.070665054
2007,0.13774048
2008,0.25410572
2009,0.11623483
2010,0.15552275
2011,0.21455473
2012,0.026199494
2013,0.17053586
2014,0.14503925
2015,0.12333456
2016,0.06619452
2017,0.06002
2018,0.18645735
2019,0.03361182
2020,0.120312825
2021,0.05180877
2022,0.23400342
2023,0.06722676
2024,0.074079335
2025,0.041787438
2026,0.029960385
2027,0.12866388
2028,0.08730334
2029,0.114219196
2030,0.3823049
2031,0.10288727
2032,0.12152772
2033,0.46589994
2034,0.9112296
2035,0.37943727
2036,0.1097232
2037,0.30710626
2038,0.17345414
2039,0.08673872
2040,0.0929708
2041,0.07464673
2042,0.22467192
2043,0.27449155
2044,0.25933763
2045,0.3621753
2046,0.08351626
2047,0.045372058
2048,0.074730374
2049,0.12330829
2050,0.92703164
2051,0.21341458
2052,0.1419204
2053,0.15393694
2054,0.41525045
2055,0.15479353
2056,0.44020942
2057,0.03869676
2058,0.052761115
2059,0.501742
2060,0.37465218
2061,0.054963224
2062,0.66553557
2063,0.18697676
2064,0.3220302
2065,0.07375377
2066,0.26835248
2067,0.075390324
2068,0.09114024
2069,0.07225333
2070,0.23563233
2071,0.063944094
2072,0.5052662
2073,0.23870552
2074,0.038817707
2075,0.11655046
2076,0.016968824
2077,0.5991504
2078,0.61876523
2079,0.093703896
2080,0.45723724
2081,0.08730334
2082,0.05837492
2083,0.1323479
2084,0.08843411
2085,0.18960597
2086,0.19927005
2087,0.06936653
2088,0.101270415
2089,0.13853936
2090,0.27353474
2091,0.085076205
2092,0.32114723
2093,0.15890943
2094,0.21836577
2095,0.018444827
2096,0.05236047
2097,0.06525989
2098,0.116222754
2099,0.12293686
2100,0.29925767
2101,0.17709048
2102,0.07008433
2103,0.19942316
2104,0.3224049
2105,0.08341386
2106,0.06930585
2107,0.117881544
2108,0.09876965
2109,0.3720343
2110,0.06719542
2111,0.043220755
2112,0.48628518
2113,0.06679911
2114,0.28039247
2115,0.15358615
2116,0.10891897
2117,0.020879382
2118,0.37648478
2119,0.07391313
2120,0.056628518
2121,0.05477879
2122,0.9046185
2123,0.056039408
2124,0.3663475
2125,0.06414336
2126,0.037007302
2127,0.023324784
2128,0.09239658
2129,0.03875464
2130,0.10994045
2131,0.4883505
2132,0.087303296
2133,0.26902184
2134,0.19030868
2135,0.07460514
2136,0.07388089
2137,0.07037205
2138,0.084898844
2139,0.1811419
2140,0.35184303
2141,0.08608504
2142,0.008725525
2143,0.023897376
2144,0.2015536
2145,0.06943023
2146,0.043582533
2147,0.04767765
2148,0.96509165
2149,0.24064016
2150,0.9442611
2151,0.5714489
2152,0.089563906
2153,0.07238973
2154,0.5216151
2155,0.32274804
2156,0.021817626
2157,0.15222195
2158,0.18749122
2159,0.087303296
2160,0.22324261
2161,0.4827752
2162,0.27270108
2163,0.13851485
2164,0.20499612
2165,0.18399426
2166,0.03371052
2167,0.069077976
2168,0.120482646
2169,0.2030042
2170,0.13222535
2171,0.1436273
2172,0.11545982
2173,0.11704078
2174,0.16620924
2175,0.4369437
2176,0.18702364
2177,0.14867117
2178,0.22999716
2179,0.108974956
2180,0.048947014
2181,0.8736893
2182,0.06959634
2183,0.041902058
2184,0.11518122
2185,0.052906208
2186,0.051852968
2187,0.09832235
2188,0.14585158
2189,0.20599337
2190,0.93635553
2191,0.08755386
2192,0.3212831
2193,0.08730334
2194,0.028029371
2195,0.11926074
2196,0.06932463
2197,0.041729715
2198,0.032192115
2199,0.22517763
2200,0.17132151
2201,0.08730334
2202,0.027860682
2203,0.060233984
2204,0.3214381
2205,0.15383963
2206,0.19291975
2207,0.07684156
2208,0.116497435
2209,0.22942424
2210,0.03810575
2211,0.08289315
2212,0.22821698
2213,0.05238357
2214,0.013647822
2215,0.05960503
2216,0.123506695
2217,0.01654028
2218,0.19505572
2219,0.018667169
2220,0.10016127
2221,0.045948807
2222,0.07120221
2223,0.22403029
2224,0.043771364
2225,0.21684645
2226,0.11434879
2227,0.08730334
2228,0.02991165
2229,0.14957365
2230,0.06539249
2231,0.07258258
2232,0.069234855
2233,0.03780862
2234,0.09448656
2235,0.051271502
2236,0.06833216
2237,0.20211157
2238,0.07816787
2239,0.23203917
2240,0.047437437
2241,0.07634754
2242,0.121984646
2243,0.2196005
2244,0.11509347
2245,0.20147713
2246,0.23545356
2247,0.07804351
2248,0.14416365
2249,0.15328532
2250,0.048662722
2251,0.16150124
2252,0.038473748
2253,0.14907555
2254,0.029483743
2255,0.2996251
2256,0.12360317
2257,0.10798705
2258,0.4928856
2259,0.107692905
2260,0.11247037
2261,0.18961258
2262,0.11931793
2263,0.21701287
2264,0.12887537
2265,0.11766897
2266,0.114700444
2267,0.2819096
2268,0.12892482
2269,0.25619516
2270,0.07395346
2271,0.20394725
2272,0.29035512
2273,0.078630954
2274,0.08184971
2275,0.06950496
2276,0.05286103
2277,0.21960065
2278,0.065139286
2279,0.058829267
2280,0.05250131
2281,0.14747366
2282,0.21108064
2283,0.11700204
2284,0.21108064
2285,0.06321076
2286,0.10652327
2287,0.14747366
2288,0.53348994
2289,0.05686887
2290,0.14996293
2291,0.18509012
2292,0.18323685
2293,0.08730334
2294,0.071950935
2295,0.29020554
2296,0.16455337
2297,0.13784224
2298,0.07759055
2299,0.07623672
2300,0.09693301
2301,0.11807737
2302,0.103074685
2303,0.22263485
2304,0.07060374
2305,0.13493425
2306,0.6519473
2307,0.22748226
2308,0.17641951
2309,0.19813573
2310,0.087303296
2311,0.13744015
2312,0.2607302
2313,0.053404696
2314,0.22017103
2315,0.040146157
2316,0.016855052
2317,0.026075758
2318,0.07031847
2319,0.14497104
2320,0.2259715
2321,0.123829834
2322,0.059475265
2323,0.040361512
2324,0.34474742
2325,0.115707524
2326,0.0606244
2327,0.0310874
2328,0.13393895
2329,0.15737219
2330,0.02098971
2331,0.059475265
2332,0.23553045
2333,0.2171874
2334,0.05250006
2335,0.19867787
2336,0.2321516
2337,0.27581084
2338,0.12015942
2339,0.06959474
2340,0.11938017
2341,0.21479481
2342,0.10625086
2343,0.06554582
2344,0.23200417
2345,0.033689547
2346,0.048098717
2347,0.088318355
2348,0.10286264
2349,0.08979045
2350,0.872305
2351,0.2775001
2352,0.16815759
2353,0.20808344
2354,0.9334223
2355,0.10509304
2356,0.065227225
2357,0.059475265
2358,0.43193302
2359,0.1266438
2360,0.11019049
2361,0.040525045
2362,0.36969012
2363,0.9637685
2364,0.122420296
2365,0.025353419
2366,0.085339956
2367,0.11803503
2368,0.17435189
2369,0.081300765
2370,0.073838234
2371,0.28033575
2372,0.5488412
2373,0.07568419
2374,0.09876241
2375,0.16804181
2376,0.03688613
2377,0.029358827
2378,0.21209776
2379,0.14592606
2380,0.05419086
2381,0.10108427
2382,0.13907693
2383,0.22833039
2384,0.13895081
2385,0.89948845
2386,0.09776058
2387,0.024742467
2388,0.04124484
2389,0.08541651
2390,0.7388681
2391,0.17258903
2392,0.03817958
2393,0.06951164
2394,0.059475265
2395,0.08730334
2396,0.04982068
2397,0.025115402
2398,0.1821341
2399,0.059475265
2400,0.1013936
2401,0.1779145
2402,0.2712065
2403,0.11584242
2404,0.17647436
2405,0.03850584
2406,0.45254555
2407,0.11358784
2408,0.115717046
2409,0.68671054
2410,0.11614408
2411,0.05553301
2412,0.07263695
2413,0.2446769
2414,0.13353013
2415,0.06601328
2416,0.13405582
2417,0.04226926
2418,0.11815232
2419,0.0675567
2420,0.12679353
2421,0.21217482
2422,0.06256951
2423,0.5052005
2424,0.03600414
2425,0.3014671
2426,0.11818621
2427,0.010419813
2428,0.12523465
2429,0.53854156
2430,0.3603131
2431,0.23010078
2432,0.115963995
2433,0.03505684
2434,0.025916494
2435,0.109594725
2436,0.14893042
2437,0.091729105
2438,0.07091505
2439,0.19309519
2440,0.37646046
2441,0.3035849
2442,0.059475265
2443,0.065536484
2444,0.11299731
2445,0.18821275
2446,0.32229498
2447,0.0091855815
2448,0.027997414
2449,0.6823716
2450,0.06064347
2451,0.32146478
2452,0.12064297
2453,0.0837939
2454,0.08364469
2455,0.20773044
2456,0.036109712
2457,0.47155666
2458,0.10880958
2459,0.20935762
2460,0.059475265
2461,0.045384526
2462,0.08730334
2463,0.66553557
2464,0.07040189
2465,0.11213265
2466,0.029177366
2467,0.17164992
2468,0.11906731
2469,0.08702353
2470,0.442474
2471,0.19833401
2472,0.20817629
2473,0.50283104
2474,0.042000413
2475,0.060945015
2476,0.07618846
2477,0.2037588
2478,0.06557036
2479,0.054745015
2480,0.7143426
2481,0.1191767
2482,0.1683987
2483,0.25700682
2484,0.10098944
2485,0.06974933
2486,0.08116462
2487,0.36062473
2488,0.1501285
2489,0.39158317
2490,0.17794256
2491,0.032275602
2492,0.063137196
2493,0.06875354
2494,0.05420343
2495,0.1143664
2496,0.18385962
2497,0.10894404
2498,0.26475188
2499,0.16573378
2500,0.35769266
2501,0.24246919
2502,0.037480216
2503,0.060612343
2504,0.19238977
2505,0.14750257
2506,0.08037971
2507,0.35980496
2508,0.46082973
2509,0.03448509
2510,0.2293473
2511,0.8935705
2512,0.6079781
2513,0.08730334
2514,0.6079781
2515,0.073294915
2516,0.45908472
2517,0.11783952
2518,0.17035925
2519,0.049541775
2520,0.04132088
2521,0.83785176
2522,0.08730334
2523,0.09412558
2524,0.7388681
2525,0.2776649
2526,0.18249582
2527,0.10218931
2528,0.923108
2529,0.066590086
2530,0.16630165
2531,0.12063162
2532,0.21620351
2533,0.12009507
2534,0.09017966
2535,0.7143426
2536,0.96564394
2537,0.1209318
2538,0.20258069
2539,0.044556826
2540,0.20474751
2541,0.0728591
2542,0.37471926
2543,0.06855937
2544,0.65520185
2545,0.04348652
2546,0.0569548
2547,0.09539043
2548,0.31806573
2549,0.070714794
2550,0.08213448
2551,0.2136359
2552,0.09310082
2553,0.37002513
2554,0.18049209
2555,0.20228973
2556,0.1719253
2557,0.08730334
2558,0.08740588
2559,0.69646615
2560,0.08996758
2561,0.013162086
2562,0.30405176
2563,0.96747214
2564,0.11797861
2565,0.22419833
2566,0.07247237
2567,0.24318425
2568,0.15429588
2569,0.031856317
2570,0.11683933
2571,0.3130233
2572,0.9486035
2573,0.6182368
2574,0.5211443
2575,0.2220675
2576,0.18555845
2577,0.66553557
2578,0.20310189
2579,0.38271487
2580,0.08730334
2581,0.05430724
2582,0.16008128
2583,0.32208943
2584,0.22940773
2585,0.21640223
2586,0.10727658
2587,0.041184977
2588,0.451215
2589,0.16008128
2590,0.08730334
2591,0.21648812
2592,0.07171492
2593,0.28992838
2594,0.112053774
2595,0.044189572
2596,0.02255041
2597,0.24933368
2598,0.21349172
2599,0.48898554
2600,0.028248206
2601,0.12278693
2602,0.07319775
2603,0.18652077
2604,0.12301757
2605,0.16285226
2606,0.36617327
2607,0.0164312
2608,0.14104292
2609,0.249564
2610,0.871496
2611,0.13644864
2612,0.22002372
2613,0.12070066
2614,0.95314676
2615,0.046828467
2616,0.06251509
2617,0.1582939
2618,0.05498104
2619,0.38336122
2620,0.14602436
2621,0.3820755
2622,0.06475802
2623,0.012657683
2624,0.14914627
2625,0.022214174
2626,0.21870117
2627,0.120097846
2628,0.2515224
2629,0.20168018
2630,0.2568331
2631,0.34434402
2632,0.3754187
2633,0.11269428
2634,0.070828885
2635,0.07804536
2636,0.038941205
2637,0.0351744
2638,0.18301281
2639,0.12080327
2640,0.039533805
2641,0.1618188
2642,0.073845804
2643,0.23079234
2644,0.17891967
2645,0.093254514
2646,0.066519976
2647,0.5073281
2648,0.13872454
2649,0.08730334
2650,0.08730334
2651,0.077463046
2652,0.23112018
2653,0.6519473
2654,0.057292674
2655,0.2549317
2656,0.08468702
2657,0.11321428
2658,0.17740673
2659,0.21616536
2660,0.08796156
2661,0.009560435
2662,0.29656386
2663,0.11320052
2664,0.06450546
2665,0.27746993
2666,0.0670837
2667,0.10289926
2668,0.06502429
2669,0.023681154
2670,0.14419554
2671,0.3212831
2672,0.101374514
2673,0.022603916
2674,0.07484803
2675,0.27699208
2676,0.013839571
2677,0.2917836
2678,0.0560709
2679,0.31568393
2680,0.042026885
2681,0.16337468
2682,0.03030641
2683,0.8317177
2684,0.39394122
2685,0.16869643
2686,0.2999569
2687,0.06977582
2688,0.20758009
2689,0.028911341
2690,0.09475311
2691,0.21865709
2692,0.058343112
2693,0.22228263
2694,0.11981769
2695,0.07014821
2696,0.086668774
2697,0.19388326
2698,0.096315295
2699,0.4876931
2700,0.36658922
2701,0.9331562
2702,0.12775002
2703,0.066392034
2704,0.26078892
2705,0.6587229
2706,0.09622308
2707,0.24179973
2708,0.14912108
2709,0.22743824
2710,0.070159905
2711,0.01658759
2712,0.2508098
2713,0.047806088
2714,0.10998954
2715,0.1887992
2716,0.1484632
2717,0.11582171
2718,0.07013071
2719,0.025953205
2720,0.10041469
2721,0.117434494
2722,0.17303942
2723,0.61853707
2724,0.15440463
2725,0.051937647
2726,0.07237312
2727,0.10616315
2728,0.059475265
2729,0.07122383
2730,0.098335855
2731,0.029888952
2732,0.15078194
2733,0.06903735
2734,0.16098359
2735,0.14148702
2736,0.028625784
2737,0.026032424
2738,0.072671585
2739,0.05065831
2740,0.30506447
2741,0.46228236
2742,0.060980838
2743,0.058227934
2744,0.10381698
2745,0.06323821
2746,0.09076914
2747,0.5705242
2748,0.087303296
2749,0.0790606
2750,0.11817372
2751,0.022502325
2752,0.16728285
2753,0.15040223
2754,0.9208374
2755,0.26971787
2756,0.07383903
2757,0.37113342
2758,0.36297396
2759,0.17897753
2760,0.07164049
2761,0.2355333
2762,0.07041788
2763,0.029803839
2764,0.17382598
2765,0.11774282
2766,0.034787733
2767,0.33452776
2768,0.2831087
2769,0.02404441
2770,0.21732935
2771,0.26648304
2772,0.21908508
2773,0.16513687
2774,0.5349318
2775,0.048157275
2776,0.17725706
2777,0.12045558
2778,0.2001195
2779,0.21983469
2780,0.1516121
2781,0.12040874
2782,0.09895107
2783,0.17651041
2784,0.118746914
2785,0.10130231
2786,0.033689547
2787,0.06522034
2788,0.10811824
2789,0.15323973
2790,0.13160567
2791,0.19491297
2792,0.022108218
2793,0.22065055
2794,0.5038981
2795,0.1172237
2796,0.10306763
2797,0.12098356
2798,0.28698644
2799,0.030116567
2800,0.15050104
2801,0.20898944
2802,0.10237644
2803,0.053799607
2804,0.55313057
2805,0.1501246
2806,0.08932704
2807,0.24584626
2808,0.051098477
2809,0.12305002
2810,0.06949181
2811,0.0632248
2812,0.46589994
2813,0.24459189
2814,0.08118219
2815,0.2830144
2816,0.22764978
2817,0.063774586
2818,0.11057257
2819,0.4371341
2820,0.5471299
2821,0.025659628
2822,0.54712987
2823,0.06875777
2824,0.047501497
2825,0.054614097
2826,0.059475265
2827,0.31507963
2828,0.08121393
2829,0.31922564
2830,0.09856661
2831,0.031728458
2832,0.40487948
2833,0.34408867
2834,0.036308598
2835,0.14384885
2836,0.118715435
2837,0.041721668
2838,0.36942253
2839,0.46589994
2840,0.1590101
2841,0.03296951
2842,0.46589994
2843,0.059238743
2844,0.12266908
2845,0.22587223
2846,0.14206238
2847,0.17378825
2848,0.31286663
2849,0.058330435
2850,0.13271429
2851,0.5310077
2852,0.09256462
2853,0.11070145
2854,0.060937475
2855,0.032801244
2856,0.16161498
2857,0.3037428
2858,0.06254716
2859,0.2251945
2860,0.0872959
2861,0.08415787
2862,0.13853066
2863,0.08895502
2864,0.064952575
2865,0.053797405
2866,0.22207114
2867,0.376757
2868,0.106468335
2869,0.07125981
2870,0.062376477
2871,0.09171774
2872,0.06781599
2873,0.08730334
2874,0.23244123
2875,0.03875462
2876,0.0481339
2877,0.07035325
2878,0.07955209
2879,0.16031155
2880,0.1335238
2881,0.11945922
2882,0.5243082
2883,0.7666879
2884,0.43147868
2885,0.07670267
2886,0.09637147
2887,0.12160908
2888,0.075016856
2889,0.07656454
2890,0.048940893
2891,0.17107955
2892,0.02579721
2893,0.04071945
2894,0.11949946
2895,0.0643197
2896,0.21261826
2897,0.76644164
2898,0.14905724
2899,0.036236078
2900,0.0811934
2901,0.22488515
2902,0.12229116
2903,0.11621345
2904,0.07395417
2905,0.078139596
2906,0.4050156
2907,0.039993152
2908,0.11479675
2909,0.23272438
2910,0.09628322
2911,0.051954377
2912,0.08267537
2913,0.07880997
2914,0.38257122
2915,0.06485181
2916,0.04803412
2917,0.026662586
2918,0.11388379
2919,0.119867526
2920,0.098011315
2921,0.13234498
2922,0.48328495
2923,0.21605067
2924,0.24909876
2925,0.09649877
2926,0.2494761
2927,0.037207562
2928,0.4865368
2929,0.22511591
2930,0.29430452
2931,0.08022373
2932,0.22271189
2933,0.040928993
2934,0.122394115
2935,0.038428515
2936,0.06775729
2937,0.28488216
2938,0.097639285
2939,0.08378329
2940,0.048406128
2941,0.18152817
2942,0.078893304
2943,0.013654889
2944,0.06600787
2945,0.1584825
2946,0.24718134
2947,0.08630335
2948,0.09386394
2949,0.025854828
2950,0.13232954
2951,0.08327904
2952,0.04616709
2953,0.43153173
2954,0.1120878
2955,0.21478266
2956,0.23320371
2957,0.044240512
2958,0.22933272
2959,0.09244834
2960,0.11942978
2961,0.2268146
2962,0.07547816
2963,0.09432736
2964,0.035952646
2965,0.10905948
2966,0.09244834
2967,0.064551
2968,0.22658306
2969,0.7085429
2970,0.043943472
2971,0.09655202
2972,0.02766662
2973,0.9667791
2974,0.49934104
2975,0.18640022
2976,0.07838941
2977,0.06408348
2978,0.24765849
2979,0.18666229
2980,0.15031783
2981,0.22122903
2982,0.15340814
2983,0.10164579
2984,0.26695037
2985,0.045575015
2986,0.016650049
2987,0.08737361
2988,0.12780122
2989,0.013162086
2990,0.06888975
2991,0.0642646
2992,0.42846182
2993,0.46589994
2994,0.078542486
2995,0.20623338
2996,0.045879457
2997,0.03002066
2998,0.095006056
2999,0.97005093
3000,0.067119926
