Tweet Number,Annotated Results,Perspective Manual,Perspective Automated
1,0.35,0.16483116,0.141966
2,0.6,0.031078046,HttpError
3,0.6,0.9056591,0.24168505
4,0.35,0.11999917,0.075411394
5,0.65,0.119881965,HttpError
6,0.45,0.25788608,0.06526871
7,0.15,0.04243485,HttpError
8,0.25,0.27318972,0.07699326
9,0.45,0.042259656,HttpError
10,0.2,0.033116587,0.17149162
11,0.25,0.20562,0.20562
12,0.2,0.06906407,0.12914959
13,0.9,0.8703019,HttpError
14,0.15,0.22847432,0.3747813
15,0.5,0.11770685,0.10870636
16,0.275,0.14669615,0.31737378
17,0.3,0.2179797,0.3744107
18,0.6,0.16440023,0.15739429
19,0.7,0.98412085,HttpError
20,0.2,0.044300616,HttpError
21,0.4,0.09610744,0.2244042
22,0.55,0.32222414,HttpError
23,0.3,0.04368964,HttpError
24,0.35,0.46589994,HttpError
25,0.25,0.6856352,HttpError
26,0.25,0.051700577,0.14401357
27,0.4,0.055294707,0.04712689
28,0.35,0.8376384,HttpError
29,0.45,0.2845002,HttpError
30,0.25,0.09878863,0.08633355
31,0.6,0.20254305,0.19289996
32,0.6,0.48332527,0.55986136
33,0.45,0.068595335,0.045199484
34,0.3,0.06785409,HttpError
35,0.25,0.08567269,0.08567274
36,0.55,0.247035,0.18804054
37,0.3,0.21256065,HttpError
38,0.8,0.9650551,HttpError
39,0.5,0.030605704,0.0276764
40,0.2,0.06991315,HttpError
41,0.2,0.03898905,0.03898905
42,0.3,0.034919906,HttpError
43,0.7,0.93838614,HttpError
44,0.4,0.2806313,0.120111085
45,0.4,0.14477079,HttpError
46,0.4,0.06907126,0.27812302
47,0.5,0.11495212,HttpError
48,0.7,0.28841507,0.32156104
49,0.3,0.5357579,HttpError
50,0.6,0.10763015,HttpError
51,0.5,0.057313636,0.0670334
52,0.4,0.07105503,0.1496785
53,0.85,0.91937345,0.52412236
54,0.5,0.08730334,HttpError
55,0.3,0.12003791,0.19022556
56,0.3,0.07933957,0.13939446
57,0.5,0.087303296,HttpError
58,0.45,0.23017049,0.4623941
59,0.4,0.45252326,HttpError
60,0.5,0.18237402,0.4332707
61,0.3,0.30120626,0.22327486
62,0.35,0.31214866,0.07991093
63,0.45,0.37403837,HttpError
64,0.55,0.069815546,HttpError
65,0.45,0.08730334,HttpError
66,0.3,0.23129767,HttpError
67,0.25,0.04270552,0.08567274
68,0.75,0.95755136,HttpError
69,0.35,0.068521194,0.022129292
70,0.3,0.15107945,0.30837327
71,0.25,0.05045055,0.06504114
72,0.2,0.20147713,0.20147713
73,0.4,0.09275836,HttpError
74,0.6,0.27911752,HttpError
75,0.35,0.07107671,0.14954819
76,0.25,0.122681335,HttpError
77,0.3,0.031726114,HttpError
78,0.45,0.27835363,0.18309279
79,0.55,0.058410533,0.13983187
80,0.6,0.06609895,0.18062745
81,0.45,0.2174907,HttpError
82,0.55,0.09092448,0.06977789
83,0.45,0.106098756,0.064781725
84,0.4,0.30089235,HttpError
85,0.7,0.39536795,0.48638672
86,0.25,0.22177394,HttpError
87,0.5,0.12111199,0.09751973
88,0.55,0.07322969,0.02850192
89,0.4,0.20082603,0.1396312
90,0.4,0.13116857,0.39475328
91,0.25,0.068698965,HttpError
92,0.8,0.92883533,HttpError
93,0.4,0.09186439,0.08455297
94,0.5,0.029495193,0.044713818
95,0.5,0.35060325,0.5846169
96,0.25,0.045921948,HttpError
97,0.65,0.1849976,HttpError
98,0.3,0.036371585,0.16667487
99,0.45,0.2898489,HttpError
100,0.8,0.76644164,0.66553557
101,0.35,0.05177671,0.17632091
102,0.55,0.097122036,0.18868014
103,0.65,0.13101918,HttpError
104,0.4,0.064057186,HttpError
105,0.3,0.03242229,HttpError
106,0.5,0.46544096,HttpError
107,0.55,0.1783805,HttpError
108,0.8,0.19437525,HttpError
109,0.4,0.08097585,HttpError
110,0.3,0.035056356,HttpError
111,0.35,0.21662115,0.2215881
112,0.6,0.28106412,HttpError
113,0.25,0.02570762,0.26944506
114,0.35,0.12164845,HttpError
115,0.3,0.073921256,0.067557566
116,0.35,0.026036523,0.08567274
117,0.35,0.025003389,HttpError
118,0.35,0.04675494,HttpError
119,0.45,0.01945374,HttpError
120,0.45,0.072078176,0.30472484
121,0.5,0.08730334,HttpError
122,0.45,0.08456061,0.46040028
123,0.4,0.03898905,0.03898905
124,0.45,0.017128332,0.022053745
125,0.7,0.53104883,HttpError
126,0.45,0.04675494,HttpError
127,0.3,0.01351313,HttpError
128,0.3,0.06552133,0.054892264
129,0.9,0.96747214,HttpError
130,0.6,0.23443633,HttpError
131,0.4,0.12025344,HttpError
132,0.25,0.44268137,0.055118836
133,0.3,0.14713518,HttpError
134,0.4,0.109884255,HttpError
135,0.4,0.120506935,0.13932565
136,0.45,0.10276569,0.21090025
137,0.3,0.026036523,0.08567274
138,0.25,0.46589994,HttpError
139,0.3,0.11225677,0.088718496
140,0.4,0.20804635,HttpError
141,0.7,0.6519473,0.42478773
142,0.3,0.11268389,HttpError
143,0.65,0.3585354,0.53125775
144,0.3,0.24618602,HttpError
145,0.3,0.02532672,0.11996975
146,0.35,0.5348452,HttpError
147,0.65,0.64797026,0.069400325
148,0.25,0.12025344,HttpError
149,0.35,0.82268196,0.22558837
150,0.55,0.05499717,HttpError
151,0.3,0.15711358,0.09404389
152,0.55,0.17348367,0.31489706
153,0.35,0.026036523,0.08567274
154,0.5,0.61798567,HttpError
155,0.35,0.37907884,0.28361815
156,0.55,0.05075421,0.060882654
157,0.4,0.20019971,HttpError
158,0.55,0.9315942,HttpError
159,0.35,0.0947979,0.09008158
160,0.45,0.1899144,0.15543257
161,0.4,0.3576696,0.32188633
162,0.35,0.019463167,0.11997969
163,0.35,0.20629904,HttpError
164,0.25,0.07285786,HttpError
165,0.3,0.4423631,0.32172224
166,0.55,0.1727696,0.3220087
167,0.6,0.19449234,0.0605444
168,0.3,0.20374775,HttpError
169,0.25,0.07043313,HttpError
170,0.35,0.19476773,0.07016525
171,0.4,0.14681739,0.11697915
172,0.35,0.06020599,0.0908453
173,0.35,0.46616665,0.8378102
174,0.25,0.16447067,0.24308197
175,0.45,0.06915425,HttpError
176,0.35,0.07388559,0.12610137
177,0.35,0.066098556,0.014387751
178,0.4,0.07172363,0.092194155
179,0.3,0.04102267,0.036896557
180,0.7,0.83785176,0.46589994
181,0.625,0.28949773,HttpError
182,0.25,0.026036523,0.08567274
183,0.375,0.4203471,0.2636145
184,0.565,0.072984084,0.11281805
185,0.325,0.028028999,0.022737239
186,0.25,0.21585928,0.05971069
187,0.26,0.07356298,HttpError
188,0.35,0.047142252,HttpError
189,0.65,0.09528629,HttpError
190,0.3,0.17427549,HttpError
191,0.26,0.26820636,0.23577014
192,0.4,0.06532119,HttpError
193,0.3,0.08089301,0.26073518
194,0.465,0.03573,HttpError
195,0.55,0.071072794,HttpError
196,0.45,0.23064703,HttpError
197,0.9,0.98284787,HttpError
198,0.37,0.16444807,0.185661
199,0.32,0.06274695,0.013903789
200,0.35,0.050180655,HttpError
201,0.35,0.15722497,0.20371424
202,0.7,0.37739238,0.8461803
203,0.65,0.111127034,HttpError
204,0.315,0.10225665,0.102185294
205,0.36,0.089296065,0.075210735
206,0.6,0.11940002,0.3758736
207,0.4,0.030736053,HttpError
208,0.45,0.08730334,HttpError
209,0.5,0.087303296,HttpError
210,0.8,0.8353001,0.56824
211,0.415,0.047899414,0.07202784
212,0.45,0.22441244,HttpError
213,0.55,0.087303296,HttpError
214,0.65,0.5356143,0.2126157
215,0.95,0.93349975,HttpError
216,0.415,0.023896743,HttpError
217,0.35,0.6079781,0.53088546
218,0.4,0.7968952,HttpError
219,0.55,0.10186177,HttpError
220,0.5,0.030298721,0.1886272
221,0.5,0.040707722,0.03017466
222,0.35,0.008482103,0.021569576
223,0.515,0.05711732,HttpError
224,0.26,0.020994965,HttpError
225,0.4,0.16054934,0.18336079
226,0.2,0.02615584,0.1015216
227,0.85,0.7647259,HttpError
228,0.7,0.93604475,0.51890403
229,0.25,0.047009397,HttpError
230,0.375,0.08456229,0.45115814
231,0.3,0.025458323,0.026103824
232,0.35,0.034678057,0.03717389
233,0.45,0.072281815,0.07696581
234,0.35,0.08707412,HttpError
235,0.25,0.43704018,0.37145776
236,0.45,0.12067725,0.18220362
237,0.35,0.039126467,0.28024527
238,0.37,0.039677404,HttpError
239,0.35,0.15869582,0.228488
240,0.35,0.0584399,0.05023277
241,0.6,0.22333062,0.119622685
242,0.575,0.6519473,0.5036338
243,0.35,0.09694547,HttpError
244,0.3,0.05085145,0.23722711
245,0.4,0.05818652,HttpError
246,0.5,0.18482327,0.14984518
247,0.55,0.14806008,0.09665813
248,0.75,0.9019212,HttpError
249,0.12,0.1971154,HttpError
250,0.41,0.069986835,0.37891832
251,0.45,0.4131409,0.4131409
252,0.4,0.10314401,0.05374307
253,0.55,0.11722466,0.09185018
254,0.35,0.22200008,0.31044236
255,0.425,0.068454176,HttpError
256,0.65,0.9017743,0.2812337
257,0.5,0.4643786,HttpError
258,0.6,0.903035,0.8417515
259,0.45,0.3029191,0.22676918
260,0.565,0.26525158,HttpError
261,0.3,0.08602575,0.12403522
262,0.5,0.045060035,0.060478874
263,0.415,0.18823907,0.26725814
264,0.25,0.054364696,HttpError
265,0.4,0.042208154,HttpError
266,0.65,0.94618297,HttpError
267,0.37,0.021696405,0.11921639
268,0.55,0.087303296,HttpError
269,0.3,0.04005723,HttpError
270,0.3,0.19491313,0.1243252
271,0.425,0.07541208,0.12001978
272,0.45,0.08948287,0.048411198
273,0.3,0.15041606,HttpError
274,0.375,0.23319551,HttpError
275,0.6,0.948649,HttpError
276,0.45,0.10143691,0.1248645
277,0.35,0.04515743,HttpError
278,0.3,0.08678985,0.090376094
279,0.27,0.06407267,0.15934764
280,0.325,0.19504191,0.09566163
281,0.55,0.5030678,0.6885538
282,0.45,0.040503338,0.2510856
283,0.35,0.0903978,0.06744732
284,0.675,0.18139556,HttpError
285,0.325,0.06431792,0.091551654
286,0.35,0.12384878,HttpError
287,0.35,0.112627074,0.35144654
288,0.4,0.06983021,0.065943
289,0.41,0.05066929,HttpError
290,0.865,0.24369715,0.2616182
291,0.35,0.22496904,HttpError
292,0.6,0.094772846,0.24331637
293,0.365,0.146007,HttpError
294,0.65,0.87185377,HttpError
295,0.55,0.76644164,0.8377612
296,0.415,0.228209,0.09851823
297,0.36,0.24445386,HttpError
298,0.65,0.97299904,HttpError
299,0.2,0.03573,0.069400325
300,0.5,0.20276088,0.13550289
301,0.225,0.16867803,HttpError
302,0.175,0.038767725,HttpError
303,0.3,0.10299968,HttpError
304,0.325,0.12913947,0.1753159
305,0.675,0.57028335,HttpError
306,0.4,0.071830034,0.12372314
307,0.25,0.068579435,HttpError
308,0.35,0.22153573,HttpError
309,0.45,0.19299105,0.18435368
310,0.415,0.05248595,HttpError
311,0.45,0.07159731,0.12642147
312,0.25,0.09464531,0.08773874
313,0.4,0.14884709,0.38277024
314,0.65,0.34593397,0.2796386
315,0.3,0.022381162,HttpError
316,0.375,0.28127736,0.23149192
317,0.3,0.23329684,0.22157627
318,0.3,0.03200428,HttpError
319,0.41,0.28310177,HttpError
320,0.36,0.06880999,0.0943095
321,0.75,0.11438891,0.19358428
322,0.6,0.20149411,HttpError
323,0.3,0.22936594,0.36221752
324,0.4,0.4324979,HttpError
325,0.37,0.38830134,HttpError
326,0.3,0.19650401,0.11697232
327,0.675,0.7143426,0.7309962
328,0.45,0.061987787,0.1180953
329,0.3,0.03349845,0.065668635
330,0.3,0.102737635,0.19893026
331,0.35,0.28253388,HttpError
332,0.265,0.08928127,0.19269769
333,0.35,0.61935794,HttpError
334,0.25,0.05353116,0.15343755
335,0.55,0.16515574,0.051538162
336,0.37,0.327343,HttpError
337,0.4,0.43294218,HttpError
338,0.7,0.8547109,HttpError
339,0.35,0.027415883,HttpError
340,0.35,0.07827765,0.1748343
341,0.415,0.06553929,0.608855
342,0.55,0.08730334,HttpError
343,0.75,0.87302107,0.05540918
344,0.415,0.06690233,0.16499062
345,0.45,0.1679957,0.029222826
346,0.7,0.87185377,0.87158597
347,0.415,0.07474487,0.06706048
348,0.3,0.08730334,0.4383459
349,0.5,0.07301391,0.075016975
350,0.365,0.055922437,0.013910474
351,0.31,0.08142568,0.052300096
352,0.4,0.06788862,HttpError
353,0.4,0.123878494,HttpError
354,0.4,0.13445549,0.12353535
355,0.405,0.19340013,0.27761242
356,0.3,0.08055602,0.1790097
357,0.25,0.17490704,HttpError
358,0.26,0.052372117,0.18432106
359,0.4,0.21818458,HttpError
360,0.35,0.14049491,0.21836436
361,0.4,0.17584035,HttpError
362,0.45,0.087303296,0.059412777
363,0.35,0.1666598,HttpError
364,0.25,0.07166994,0.18836628
365,0.4,0.0330336,0.10968167
366,0.36,0.04241877,0.070052445
367,0.265,0.08730334,HttpError
368,0.45,0.91692644,HttpError
369,0.265,0.067873195,0.06947132
370,0.4,0.06475245,HttpError
371,0.7,0.37093127,HttpError
372,0.5,0.0609905,0.15529376
373,0.5,0.08959002,0.07419248
374,0.4,0.05883418,0.029278833
375,0.465,0.1439099,0.069545396
376,0.25,0.093774304,0.27411827
377,0.45,0.89932173,HttpError
378,0.27,0.045140393,0.087924324
379,0.3,0.14802551,0.109812506
380,0.4,0.13797548,0.057748776
381,0.45,0.06782225,0.067822255
382,0.475,0.6519473,0.36035725
383,0.45,0.035490915,HttpError
384,0.35,0.10978363,HttpError
385,0.465,0.26133487,0.3424692
386,0.3,0.117075354,HttpError
387,0.45,0.15695263,0.1229845
388,0.52,0.1601511,0.11810568
389,0.415,0.43062308,0.20557389
390,0.3,0.02649347,HttpError
391,0.35,0.23902994,HttpError
392,0.35,0.11332218,HttpError
393,0.4,0.67779493,HttpError
394,0.5,0.08730334,HttpError
395,0.2,0.015804157,0.15386072
396,0.45,0.052317698,0.07382473
397,0.35,0.066534504,0.050369423
398,0.25,0.13648541,0.21127209
399,0.465,0.21984611,HttpError
400,0.5,0.08730334,HttpError
401,0.25,0.20688997,0.29194823
402,0.4,0.04973413,HttpError
403,0.4,0.43784454,0.3764772
404,0.45,0.19163568,HttpError
405,0.37,0.25892806,HttpError
406,0.45,0.08566768,HttpError
407,0.37,0.08573235,0.017555868
408,0.3,0.55106574,HttpError
409,0.35,0.048692606,0.23043169
410,0.3,0.051144876,0.017097916
411,0.6,0.7524018,0.6192484
412,0.6,0.28312328,0.21162035
413,0.27,0.08332991,0.18107069
414,0.4,0.11716251,0.7143426
415,0.4,0.07256213,0.1868188
416,0.35,0.56821465,0.06892548
417,0.85,0.7886199,0.104967445
418,0.27,0.07068577,0.071321286
419,0.3,0.096510805,0.32437262
420,0.25,0.08605947,0.073800534
421,0.375,0.04477608,0.09183673
422,0.325,0.06989445,0.06643543
423,0.5,0.68910694,0.22793214
424,0.4,0.037972815,0.061182983
425,0.375,0.5473082,0.15409507
426,0.45,0.046592757,0.043735184
427,0.35,0.06928959,0.12236895
428,0.375,0.68869936,0.081195466
429,0.3,0.176765,0.12162638
430,0.4,0.14246888,HttpError
431,0.3,0.14973019,0.12372232
432,0.35,0.15191919,HttpError
433,0.3,0.09043173,HttpError
434,0.315,0.86898154,0.21385123
435,0.45,0.960139,0.09537508
436,0.4,0.06512932,HttpError
437,0.5,0.29729074,0.3019595
438,0.26,0.022490496,0.034351725
439,0.275,0.035135474,0.019543702
440,0.45,0.07122711,HttpError
441,0.325,0.18311958,0.12619089
442,0.25,0.17889354,HttpError
443,0.515,0.13421197,0.20885597
444,0.45,0.0751596,HttpError
445,0.3,0.033545148,0.17278948
446,0.4,0.30597252,HttpError
447,0.4,0.041719593,0.11210336
448,0.305,0.037271526,HttpError
449,0.4,0.0801393,0.05136267
450,0.45,0.17204009,0.3158564
451,0.45,0.047970753,0.047596697
452,0.35,0.087303296,HttpError
453,0.2,0.06986426,0.059526887
454,0.3,0.12080718,0.33361354
455,0.3,0.033904508,0.1098831
456,0.45,0.07140725,HttpError
457,0.365,0.11593211,HttpError
458,0.3,0.12420508,0.086869776
459,0.32,0.05134636,HttpError
460,0.3,0.025558641,0.029255781
461,0.35,0.12930341,HttpError
462,0.3,0.04169659,0.06380259
463,0.6,0.964636,0.18332975
464,0.315,0.022668498,HttpError
465,1,0.9842272,0.38356864
466,0.45,0.04453018,0.021656707
467,0.45,0.90982157,0.43390483
468,0.35,0.13886155,HttpError
469,0.305,0.05528779,HttpError
470,0.45,0.117144175,HttpError
471,0.465,0.2824359,0.15266638
472,0.5,0.06699019,0.09187348
473,1,0.96469957,0.32134137
474,0.525,0.56415206,0.36628366
475,0.35,0.043004453,0.061604425
476,0.4,0.13467014,0.10813108
477,0.47,0.17087221,HttpError
478,0.3,0.055825967,0.07464211
479,0.415,0.030317312,HttpError
480,0.4,0.10420533,0.0668263
481,0.45,0.08730334,0.1345974
482,0.3,0.08088368,HttpError
483,0.425,0.24511674,0.09587826
484,0.75,0.9785658,0.93329823
485,0.4,0.05552373,HttpError
486,0.45,0.33379638,0.16740091
487,0.45,0.08730334,HttpError
488,0.25,0.042106695,HttpError
489,0.275,0.36316213,0.5522218
490,0.35,0.42362282,HttpError
491,0.4,0.069376335,0.08392877
492,0.25,0.017190948,0.12813872
493,0.2,0.17167923,0.12372232
494,0.45,0.17633699,0.08169299
495,0.35,0.2081567,0.11635213
496,0.3,0.14948834,0.2166218
497,0.25,0.035691086,0.020610962
498,0.22,0.20562,HttpError
499,0.275,0.3654994,0.23283006
500,0.325,0.066545404,0.1255782
501,0.45,0.1821508,0.32125974
502,0.4,0.08157255,0.069272555
503,0.27,0.07157204,0.050923683
504,0.4,0.11228294,0.048372906
505,0.4,0.3118142,0.32126305
506,0.55,0.36860353,0.23177885
507,0.775,0.933428,0.76644164
508,0.67,0.10690952,HttpError
509,0.4,0.1649546,0.22548379
510,0.2,0.03448509,0.21151535
511,0.45,0.07075588,0.03571277
512,0.5,0.17294902,HttpError
513,0.42,0.13421007,0.6189208
514,0.37,0.22329484,HttpError
515,0.4,0.025458323,0.09088505
516,0.4,0.05670796,0.061662104
517,0.35,0.8756345,HttpError
518,0.425,0.23207514,0.5358662
519,0.75,0.2197284,0.33533892
520,0.25,0.037690133,0.07223738
521,0.4,0.39102146,HttpError
522,0.42,0.040584736,0.030481908
523,0.45,0.94735736,0.2022816
524,0.42,0.04147035,0.12047182
525,0.45,0.12703954,0.14881025
526,0.47,0.026846215,HttpError
527,0.32,0.032822896,HttpError
528,0.255,0.11620045,0.27677724
529,0.4,0.1410209,HttpError
530,0.7,0.31390235,0.06552089
531,0.5,0.28005663,HttpError
532,0.25,0.32158616,HttpError
533,0.35,0.05044155,0.0323404
534,0.45,0.7728338,HttpError
535,0.3,0.18012667,HttpError
536,0.275,0.068874605,0.19263001
537,0.35,0.11149424,HttpError
538,0.45,0.06699482,HttpError
539,0.45,0.23069575,0.16780642
540,0.8,0.95518947,0.11006337
541,0.32,0.02933882,0.029680673
542,0.325,0.014852091,HttpError
543,0.35,0.094969474,0.16760598
544,0.45,0.08353923,0.072880216
545,0.4,0.10074803,HttpError
546,0.3,0.025236707,0.11632173
547,0.375,0.03548374,0.17843737
548,0.45,0.09413545,HttpError
549,0.4,0.31568512,HttpError
550,0.45,0.11691103,0.06552396
551,0.3,0.050023075,HttpError
552,0.375,0.06646178,0.060483802
553,0.575,0.08958795,0.14892578
554,0.5,0.07488943,0.19043915
555,0.45,0.09211693,0.18187222
556,0.6,0.04322548,HttpError
557,0.67,0.06966893,0.06634471
558,0.575,0.17469701,HttpError
559,0.5,0.16781095,HttpError
560,0.65,0.39757392,0.7143426
561,0.51,0.20546298,0.24039327
562,0.65,0.44361562,0.30519646
563,0.465,0.048021454,0.049894903
564,0.35,0.11004242,0.095591955
565,0.35,0.087199315,0.019334123
566,0.355,0.051875535,0.025315024
567,0.32,0.08730334,HttpError
568,0.4,0.08730334,0.30321363
569,0.3,0.04673956,0.05218655
570,0.3,0.04885308,0.042702407
571,0.5,0.04937015,HttpError
572,0.45,0.03458434,HttpError
573,0.505,0.10361983,0.113300905
574,0.32,0.09360719,0.34629872
575,0.25,0.041536745,0.5845595
576,0.3,0.07177078,HttpError
577,0.9,0.966828,0.1968799
578,0.45,0.05382743,0.06689116
579,0.315,0.11520709,0.18266457
580,0.4,0.22918507,HttpError
581,0.5,0.04630182,0.195144
582,0.7,0.6279818,HttpError
583,0.45,0.22997609,0.10584785
584,0.5,0.055480264,0.0663938
585,0.4,0.07147544,0.023805825
586,0.45,0.07480624,0.059939753
587,0.45,0.18562676,0.36585355
588,0.55,0.08730334,HttpError
589,0.4,0.6862492,HttpError
590,0.6,0.20665549,0.31343517
591,0.375,0.07964048,0.06801549
592,0.45,0.10768132,0.06565961
593,0.4,0.21216524,HttpError
594,0.45,0.89954036,0.12042176
595,0.3,0.06530183,0.23373117
596,0.35,0.097744256,0.1922127
597,0.37,0.06064763,0.062093306
598,0.35,0.1634027,HttpError
599,0.45,0.7213846,0.7143426
600,0.35,0.121452644,0.17226174
601,0.715,0.6186982,0.28896895
602,0.5,0.32242563,0.2319471
603,0.45,0.10481713,HttpError
604,0.4,0.09340039,0.14755294
605,0.35,0.06878356,0.11662344
606,0.365,0.064210445,0.093212605
607,0.45,0.11882195,HttpError
608,0.4,0.38394815,HttpError
609,0.35,0.3817339,HttpError
610,0.4,0.091420785,0.37431663
611,0.4,0.034887347,0.030344838
612,0.4,0.11727134,HttpError
613,0.3,0.46589994,HttpError
614,0.45,0.5450975,HttpError
615,0.365,0.21424499,HttpError
616,0.42,0.14556113,0.33044612
617,0.45,0.14164028,0.042420115
618,0.5,0.040503956,0.044726048
619,0.3,0.0963713,0.22632799
620,0.7,0.6479155,0.46589994
621,0.475,0.08730334,HttpError
622,0.45,0.07352493,0.12265546
623,0.35,0.032606043,HttpError
624,0.31,0.073228575,0.12803018
625,0.25,0.19949894,0.15375075
626,0.45,0.20493084,HttpError
627,0.35,0.07816168,0.069899894
628,0.5,0.0789929,0.18040983
629,0.565,0.15757209,0.11199514
630,0.45,0.15697096,0.16978267
631,0.6,0.16372126,0.073870204
632,0.45,0.32155633,0.37377116
633,0.45,0.3592112,0.12357074
634,0.45,0.29759896,0.114734374
635,0.32,0.23348336,0.11623263
636,0.35,0.07382314,HttpError
637,0.35,0.071542874,0.069941856
638,0.325,0.026513485,HttpError
639,0.4,0.03964877,0.43257087
640,0.45,0.1140403,HttpError
641,0.365,0.15126583,0.22782962
642,0.5,0.038372986,0.0676889
643,0.5,0.01625321,0.051384483
644,0.35,0.070614286,HttpError
645,0.5,0.0730469,HttpError
646,0.45,0.19242074,0.11189195
647,0.42,0.46314785,0.07241313
648,0.8,0.9341233,0.7563617
649,0.62,0.06551536,0.14855331
650,0.4,0.2690008,HttpError
651,0.32,0.04817276,HttpError
652,0.4,0.9331688,0.310108
653,0.5,0.1589066,0.1827614
654,0.75,0.2764731,0.41555548
655,0.47,0.60982287,HttpError
656,0.365,0.02867995,0.029862035
657,0.35,0.068617426,0.03869182
658,0.35,0.23494308,0.23050521
659,0.25,0.04853201,HttpError
660,0.425,0.055843055,0.06284431
661,0.47,0.43159696,0.15042274
662,0.4,0.2506611,0.31444788
663,0.4,0.19639337,HttpError
664,0.35,0.066702835,0.42291674
665,0.35,0.07726089,0.21359004
666,0.42,0.9529026,HttpError
667,0.3,0.02963232,HttpError
668,0.45,0.43534005,HttpError
669,0.365,0.06975187,0.11893126
670,0.45,0.17340213,HttpError
671,0.45,0.037171014,0.04032261
672,0.45,0.087303296,HttpError
673,0.37,0.3211843,0.1325259
674,0.45,0.027514813,HttpError
675,0.25,0.034177657,0.105795905
676,0.45,0.07499091,0.19273832
677,0.45,0.39526978,0.39526978
678,0.4,0.086429834,0.17260098
679,0.6,0.56845605,0.20457383
680,0.45,0.052663907,0.15585516
681,0.3,0.07318213,HttpError
682,0.37,0.05431092,0.18584846
683,0.45,0.102985665,0.0751138
684,0.3,0.0568144,0.065691255
685,0.35,0.1174412,0.13561748
686,0.265,0.029694738,0.067387596
687,0.265,0.07898604,0.07498002
688,0.4,0.036877684,0.05001805
689,0.4,0.096693136,HttpError
690,0.5,0.087303296,HttpError
691,0.365,0.04442649,HttpError
692,0.4,0.063626796,0.041664116
693,0.4,0.041972212,0.1547144
694,0.5,0.117459364,0.15314549
695,0.35,0.11027675,0.027655406
696,0.5,0.7388681,HttpError
697,0.375,0.04346392,0.06399479
698,0.4,0.32196832,HttpError
699,0.35,0.006054925,HttpError
700,0.45,0.067700304,HttpError
701,0.32,0.9205056,0.36696866
702,0.85,0.949804,0.43225425
703,0.3,0.013718168,0.015175406
704,0.35,0.025386067,0.15577108
705,0.57,0.087303296,HttpError
706,0.65,0.7670909,0.76644164
707,0.25,0.10010046,HttpError
708,0.4,0.13110481,0.14114842
709,0.6,0.24461374,0.06672754
710,0.42,0.017189244,HttpError
711,0.4,0.08103977,0.11645937
712,0.4,0.09087141,0.19252308
713,0.575,0.19599883,0.298979
714,0.565,0.95920646,0.60218096
715,0.9,0.96382236,0.050222255
716,0.565,0.92966884,0.22511905
717,0.3,0.19252308,HttpError
718,0.4,0.2586448,0.15982153
719,0.37,0.07439149,0.06750708
720,0.35,0.118342094,0.10786591
721,0.35,0.037419956,0.079283245
722,0.55,0.66553557,0.11615053
723,0.85,0.5517294,0.4314734
724,0.5,0.06899701,0.05889592
725,0.35,0.058628786,0.07139599
726,0.5,0.9108359,0.4175373
727,0.35,0.25033918,0.38647926
728,0.375,0.11150555,HttpError
729,0.3,0.20562,HttpError
730,0.65,0.16239995,0.08285468
731,0.325,0.09398985,0.06703561
732,0.4,0.12147872,0.18746048
733,0.37,0.3223819,0.12308566
734,0.6,0.9480649,0.938859
735,0.45,0.245609,0.2718214
736,0.52,0.22255147,HttpError
737,0.4,0.108006716,0.21264116
738,0.85,0.9227742,HttpError
739,0.55,0.9001343,HttpError
740,0.355,0.11695836,0.33654323
741,0.5,0.8997053,0.19010873
742,0.62,0.039197613,0.12594031
743,0.375,0.064105615,0.11793383
744,0.4,0.023369245,0.15858005
745,0.35,0.041936427,0.03559933
746,0.6,0.073333256,0.12733032
747,0.4,0.029501382,0.031063423
748,0.35,0.16451697,0.11756292
749,0.4,0.09164302,0.23325178
750,0.325,0.048680138,0.01153963
751,0.35,0.1220534,0.17548616
752,0.35,0.02744209,0.030670859
753,0.3,0.06828133,HttpError
754,0.4,0.012754446,0.109166674
755,0.55,0.17316699,HttpError
756,0.45,0.06569973,0.06858074
757,0.45,0.27899656,0.19841611
758,0.4,0.109081686,HttpError
759,0.4,0.7766627,0.83785176
760,0.37,0.32338798,HttpError
761,0.515,0.23171644,HttpError
762,0.35,0.0650037,0.026595417
763,0.6,0.14736572,HttpError
764,0.45,0.08624152,0.06566252
765,0.45,0.090016864,0.05709372
766,0.37,0.064061485,0.27740747
767,0.25,0.073971555,0.019548161
768,0.25,0.123989895,0.32238683
769,0.35,0.043339875,0.11380399
770,0.465,0.027413001,0.13232891
771,0.4,0.06996657,0.15666766
772,0.65,0.11483509,0.03523933
773,0.5,0.3745477,HttpError
774,0.45,0.033427067,HttpError
775,0.4,0.086041965,0.10301592
776,0.4,0.07779786,0.28050792
777,0.35,0.23836415,HttpError
778,0.35,0.10190645,0.25184435
779,0.45,0.38658136,0.24165125
780,0.37,0.051134937,HttpError
781,0.45,0.32206434,HttpError
782,0.7,0.12913993,0.2786251
783,0.45,0.11538365,0.13337462
784,0.365,0.24002746,0.28075585
785,0.67,0.8996436,0.92703164
786,0.45,0.06497705,0.1810122
787,0.45,0.079089195,0.0781595
788,0.37,0.069950595,0.24248265
789,0.5,0.04560456,0.18950625
790,0.45,0.17586815,0.19304611
791,0.25,0.03898905,0.008228832
792,0.4,0.06482206,HttpError
793,0.45,0.04075145,0.0909775
794,0.3,0.021669775,HttpError
795,0.45,0.11606589,0.2791392
796,0.4,0.09277901,0.07854548
797,0.26,0.098581895,HttpError
798,0.35,0.0705622,0.0477652
799,0.4,0.18694776,HttpError
800,0.4,0.45535585,0.28618294
801,0.47,0.06761699,0.06614061
802,0.4,0.0726438,0.07468467
803,0.35,0.22581072,0.22491342
804,0.35,0.03783344,HttpError
805,0.7,0.83258295,0.25115523
806,0.25,0.04613672,0.040364318
807,0.4,0.06700859,HttpError
808,0.475,0.14625774,HttpError
809,0.35,0.025856331,0.12768173
810,0.4,0.064002044,0.06492922
811,0.4,0.060129385,HttpError
812,0.415,0.92703164,0.04202797
813,0.36,0.062833644,0.06591881
814,0.4,0.049122144,0.106509976
815,0.4,0.040255718,0.07715447
816,0.35,0.038600277,0.0608173
817,0.4,0.09722956,0.2216204
818,0.3,0.2518552,0.27328178
819,0.4,0.2961862,0.11534535
820,0.3,0.32143813,HttpError
821,0.21,0.18914439,0.17014053
822,0.415,0.08730334,HttpError
823,0.3,0.06390021,HttpError
824,0.8,0.910251,HttpError
825,0.265,0.074442886,0.0656699
826,0.4,0.064385556,HttpError
827,0.365,0.121680826,0.05046137
828,0.27,0.35745737,0.20591022
829,0.26,0.38982198,0.20418462
830,0.65,0.9168736,HttpError
831,0.35,0.06918076,0.104771554
832,0.3,0.062446833,0.23480946
833,0.415,0.0793979,0.62725043
834,0.315,0.025382066,0.08601968
835,0.27,0.2770468,HttpError
836,0.45,0.60890996,0.2026271
837,0.455,0.07404061,0.08992558
838,0.4,0.06968893,HttpError
839,0.36,0.14230649,0.0133372275
840,0.305,0.07021155,HttpError
841,0.36,0.17251176,0.030718368
842,0.75,0.8994981,0.11531804
843,0.41,0.18481971,0.11039508
844,0.35,0.20608552,0.0914192
845,0.455,0.08730334,0.059412777
846,0.265,0.06642008,HttpError
847,0.32,0.14999183,0.23613429
848,0.3,0.19721577,0.37325642
849,0.36,0.036285516,HttpError
850,0.3,0.022780955,HttpError
851,0.305,0.20223658,0.070955865
852,0.25,0.068070635,0.063525744
853,0.25,0.06861166,0.15210427
854,0.25,0.36099908,0.16392425
855,0.41,0.116677284,0.17705967
856,0.3,0.023177573,HttpError
857,0.35,0.31706807,0.10784419
858,0.26,0.06921377,0.20290467
859,0.45,0.37231404,HttpError
860,0.31,0.37202,0.12336772
861,0.35,0.08451205,0.10240065
862,0.35,0.22260036,0.06475693
863,0.45,0.069731526,0.101192094
864,0.315,0.13654126,HttpError
865,0.315,0.07744792,0.03955111
866,0.305,0.078364134,0.11899368
867,0.355,0.029583376,0.0655671
868,0.3,0.08539795,0.07600777
869,0.2,0.3213882,0.38110977
870,0.3,0.22566655,HttpError
871,0.25,0.19314031,HttpError
872,0.3,0.254316,0.1493156
873,0.26,0.021705968,0.050344754
874,0.3,0.10745901,0.12121459
875,0.3,0.10250786,0.07458468
876,0.3,0.20077822,HttpError
877,0.35,0.29257223,0.1968519
878,0.3,0.22558448,0.1461506
879,0.35,0.38010576,HttpError
880,0.35,0.17821117,HttpError
881,0.405,0.08730334,HttpError
882,0.35,0.19075659,HttpError
883,0.25,0.14282092,HttpError
884,0.3,0.07737068,0.27142188
885,0.55,0.8349013,0.608347
886,0.3,0.22547981,0.075979166
887,0.255,0.09252099,HttpError
888,0.3,0.025472594,0.24043782
889,0.35,0.03180567,0.15506041
890,0.26,0.09265582,0.115844704
891,0.3,0.06485856,HttpError
892,0.25,0.0650057,0.07668473
893,0.45,0.08489986,HttpError
894,0.25,0.40513167,HttpError
895,0.3,0.5772337,0.07959131
896,0.26,0.12153114,0.016180472
897,0.3,0.20562,0.17343998
898,0.6,0.9664999,0.22192377
899,0.25,0.106669076,0.06607732
900,0.365,0.03082784,HttpError
901,0.31,0.123330794,0.035753343
902,0.25,0.40638897,0.37067372
903,0.35,0.072694495,HttpError
904,0.21,0.44511634,0.1188579
905,0.15,0.03448509,HttpError
906,0.25,0.32722253,0.18852635
907,0.3,0.038636293,HttpError
908,0.25,0.15170932,0.015540623
909,0.3,0.3157809,0.040786527
910,0.31,0.08875417,0.065061964
911,0.3,0.3265741,0.32175103
912,0.2,0.15152192,HttpError
913,0.155,0.1184026,0.14947546
914,0.3,0.11393703,0.055731095
915,0.26,0.027425377,HttpError
916,0.25,0.3611576,HttpError
917,0.36,0.14411812,0.22469717
918,0.2,0.06716203,HttpError
919,0.3,0.19380537,HttpError
920,0.25,0.08637084,0.26673022
921,0.36,0.7714696,HttpError
922,0.2,0.069823936,0.20239778
923,0.35,0.07477732,HttpError
924,0.35,0.061823018,0.16704595
925,0.305,0.8866354,0.51542956
926,0.3,0.07073789,0.07073789
927,0.35,0.21229202,HttpError
928,0.2,0.06580673,0.073579304
929,0.25,0.3178814,HttpError
930,0.31,0.066263884,0.064774364
931,0.31,0.06478506,0.061314918
932,0.5,0.28316528,HttpError
933,0.3,0.0626837,0.11328891
934,0.2,0.0336902,HttpError
935,0.31,0.19578275,HttpError
936,0.35,0.016496757,HttpError
937,0.45,0.087303296,HttpError
938,0.305,0.15887666,0.15342315
939,0.35,0.23809671,0.28305164
940,0.3,0.06907472,HttpError
941,0.205,0.12081594,0.18201359
942,0.32,0.15324825,0.2810774
943,0.32,0.10503507,0.13207431
944,0.25,0.0381991,HttpError
945,0.35,0.26851568,0.44289908
946,0.36,0.114122085,0.083276846
947,0.25,0.23960078,0.32177782
948,0.65,0.7143426,HttpError
949,0.31,0.19572037,HttpError
950,0.3,0.23209384,HttpError
951,0.25,0.20764734,HttpError
952,0.255,0.03631765,HttpError
953,0.25,0.032643545,HttpError
954,0.4,0.034887347,0.12521552
955,0.355,0.19990453,0.643809
956,0.35,0.1192674,HttpError
957,0.255,0.019854598,0.019000927
958,0.3,0.2233196,0.059793282
959,0.2,0.046469957,0.44033653
960,0.265,0.07893182,HttpError
961,0.15,0.073971555,0.046519544
962,0.355,0.1633344,HttpError
963,0.35,0.08242341,HttpError
964,0.255,0.033728782,0.22649297
965,0.25,0.054420426,HttpError
966,0.35,0.03821672,0.034751598
967,0.25,0.088819936,HttpError
968,0.26,0.4673754,0.19595516
969,0.35,0.16792585,0.11937006
970,0.2,0.03177577,0.050952926
971,0.3,0.15175164,0.05025828
972,0.4,0.090432286,0.2934421
973,0.22,0.03848909,HttpError
974,0.3,0.27915174,0.4123098
975,0.45,0.039018113,HttpError
976,0.3,0.034887347,0.045452327
977,0.25,0.08730334,HttpError
978,0.25,0.0827942,HttpError
979,0.3,0.31405792,0.104198374
980,0.15,0.19252308,0.19225086
981,0.31,0.070135675,0.07887095
982,0.15,0.21694577,0.08183263
983,0.3,0.13608123,0.32120305
984,0.35,0.07272351,0.045762353
985,0.305,0.12415449,HttpError
986,0.25,0.037278824,HttpError
987,0.205,0.083905965,HttpError
988,0.3,0.09638243,HttpError
989,0.35,0.16260162,HttpError
990,0.8,0.90258384,HttpError
991,0.365,0.20040594,0.10146069
992,0.31,0.053423423,HttpError
993,0.3,0.19739002,HttpError
994,0.5,0.11851107,0.08018202
995,0.355,0.45011175,0.28291136
996,0.3,0.03143918,HttpError
997,0.4,0.08730334,0.15191594
998,0.255,0.07058045,HttpError
999,0.35,0.17805961,0.10227073
1000,0.2,0.08134405,0.22143798
1001,0.35,0.0660771,0.2840016
1002,0.365,0.40006554,0.7170248
1003,0.4,0.08730334,0.059412777
1004,0.21,0.06529706,0.048448067
1005,0.21,0.06611903,HttpError
1006,0.42,0.07087813,0.06397622
1007,0.3,0.24205373,0.2794147
1008,0.2,0.08730334,0.032355864
1009,0.25,0.13866629,0.1672996
1010,0.21,0.31896117,HttpError
1011,0.35,0.31005797,0.4137524
1012,0.35,0.086592704,0.10846918
1013,0.2,0.06721617,0.12324622
1014,0.3,0.03875462,HttpError
1015,0.265,0.2778771,0.23109087
1016,0.3,0.024115423,0.07990403
1017,0.25,0.059962243,0.56599736
1018,0.615,0.77151203,0.871444
1019,0.25,0.50223607,0.5604571
1020,0.2,0.03695752,0.092885666
1021,0.155,0.024922833,HttpError
1022,0.26,0.071525924,HttpError
1023,0.4,0.08283758,HttpError
1024,0.205,0.28725293,0.23771052
1025,0.255,0.03324107,0.20606428
1026,0.315,0.23073149,0.14771014
1027,0.25,0.14036629,0.13959642
1028,0.4,0.8377741,HttpError
1029,0.15,0.040954564,0.014540999
1030,0.32,0.046171237,0.09016576
1031,0.3,0.1787758,0.35318375
1032,0.4,0.124108225,HttpError
1033,0.305,0.09487452,0.115043715
1034,0.4,0.08730334,0.15375075
1035,0.355,0.033971712,HttpError
1036,0.25,0.17874113,0.0636104
1037,0.5,0.56780624,0.07472349
1038,0.305,0.46589994,HttpError
1039,0.3,0.4421993,0.27593178
1040,0.455,0.17496154,0.27847865
1041,0.25,0.5029884,HttpError
1042,0.35,0.08730334,0.08730334
1043,0.465,0.92703164,0.12119527
1044,0.3,0.09739823,0.13751364
1045,0.25,0.06725931,0.085387744
1046,0.55,0.76644164,0.6368157
1047,0.205,0.30677935,HttpError
1048,0.3,0.051384483,0.043974992
1049,0.35,0.047189947,0.0923524
1050,0.305,0.13489929,0.6555494
1051,0.2,0.121062756,0.22757664
1052,0.35,0.07190872,0.107716516
1053,0.25,0.09731194,HttpError
1054,0.4,0.46589994,0.20505439
1055,0.35,0.06837004,0.16250612
1056,0.3,0.068528794,HttpError
1057,0.205,0.061069846,0.09589682
1058,0.3,0.028906817,0.07390979
1059,0.75,0.9066189,HttpError
1060,0.31,0.11225822,HttpError
1061,0.4,0.18932475,0.32794246
1062,0.31,0.44678634,0.43791977
1063,0.3,0.11633894,0.37679863
1064,0.25,0.65552354,HttpError
1065,0.85,0.9821534,0.24925931
1066,0.35,0.2782832,0.30109408
1067,0.4,0.077899784,HttpError
1068,0.25,0.24263829,0.117293134
1069,0.305,0.22000675,0.11670315
1070,0.25,0.13314173,0.40416595
1071,0.2,0.121750645,0.1789032
1072,0.255,0.08568107,0.18130463
1073,0.15,0.09372902,0.33716527
1074,0.4,0.50742835,HttpError
1075,0.605,0.87813276,HttpError
1076,0.25,0.26887143,HttpError
1077,0.31,0.08891702,0.028324414
1078,0.65,0.36183602,0.5070589
1079,0.4,0.18664283,0.10968108
1080,0.35,0.07089199,HttpError
1081,0.55,0.09893915,0.101208724
1082,0.35,0.57139826,HttpError
1083,0.25,0.10930103,0.12581985
1084,0.265,0.04333414,HttpError
1085,0.16,0.03439505,0.1196066
1086,0.2,0.1706731,0.22501689
1087,0.3,0.051757645,0.092975214
1088,0.1,0.12214213,0.22158627
1089,0.155,0.8363033,0.19613682
1090,0.15,0.06758246,HttpError
1091,0.3,0.07965785,HttpError
1092,0.15,0.0644682,0.12393902
1093,0.255,0.08475598,0.07450293
1094,0.15,0.03270475,0.037108976
1095,0.25,0.06542864,HttpError
1096,0.255,0.08479383,HttpError
1097,0.45,0.08730334,HttpError
1098,0.3,0.070646435,0.077846915
1099,0.205,0.112945646,0.119312085
1100,0.45,0.035600584,0.09932611
1101,0.25,0.17544588,0.37071368
1102,0.205,0.7388681,HttpError
1103,0.35,0.046271544,0.09336185
1104,0.355,0.03743726,0.17071731
1105,0.35,0.026831653,0.015803143
1106,0.355,0.34737143,0.14063522
1107,0.4,0.051591527,0.048377197
1108,0.2,0.034887347,HttpError
1109,0.35,0.06522087,0.07068752
1110,0.35,0.041909967,HttpError
1111,0.305,0.11947318,0.1982669
1112,0.35,0.09189198,HttpError
1113,0.55,0.11609255,0.13496844
1114,0.25,0.11609174,0.11113889
1115,0.25,0.03017697,HttpError
1116,0.215,0.04179154,0.16127174
1117,0.2,0.06697572,0.065605976
1118,0.3,0.17553021,0.07542864
1119,0.8,0.9334223,HttpError
1120,0.2,0.27103427,0.39080042
1121,0.27,0.10257317,HttpError
1122,0.4,0.055778187,0.053686276
1123,0.35,0.080426924,0.16998307
1124,0.25,0.16342318,0.07008711
1125,0.255,0.3129791,0.30993125
1126,0.2,0.3712372,HttpError
1127,0.35,0.06301795,0.20446798
1128,0.35,0.054900188,HttpError
1129,0.31,0.17719872,0.06891611
1130,0.3,0.07698841,0.16380106
1131,0.3,0.008901594,HttpError
1132,0.2,0.1081294,0.28446436
1133,0.26,0.2543287,0.23059465
1134,0.35,0.09700079,0.24756493
1135,0.3,0.1293121,0.124714136
1136,0.56,0.032218114,0.05082532
1137,0.3,0.13456748,HttpError
1138,0.4,0.010425808,0.029991712
1139,0.455,0.067530446,HttpError
1140,0.35,0.25734293,0.11925662
1141,0.36,0.83785176,0.12784742
1142,0.35,0.22400996,0.31164005
1143,0.25,0.019164218,0.07011462
1144,0.3,0.11521269,0.1345046
1145,0.455,0.09357492,0.13167123
1146,0.3,0.020312224,0.01739439
1147,0.6,0.7388681,0.8028341
1148,0.25,0.22327955,HttpError
1149,0.55,0.14469554,0.07466908
1150,0.55,0.5245033,0.9051832
1151,0.455,0.102467775,0.123539664
1152,0.45,0.08051354,0.14050083
1153,0.255,0.08789552,0.06932573
1154,0.35,0.06828938,0.06424134
1155,0.255,0.024771463,0.038013056
1156,0.4,0.087303296,0.17226174
1157,0.205,0.07315207,HttpError
1158,0.77,0.816901,0.24688174
1159,0.45,0.36439025,HttpError
1160,0.26,0.22733872,HttpError
1161,0.25,0.093386315,0.16636808
1162,0.405,0.09095287,0.28962475
1163,0.55,0.7051951,0.3882637
1164,0.35,0.09407473,0.1822059
1165,0.4,0.041620843,0.113739744
1166,0.46,0.6094617,0.23747952
1167,0.155,0.07839617,0.048720326
1168,0.45,0.0639335,0.31325144
1169,0.25,0.2081567,HttpError
1170,0.7,0.3513939,0.37854642
1171,0.615,0.83785176,0.3214232
1172,0.2,0.22644155,0.29258838
1173,0.305,0.39239103,HttpError
1174,0.35,0.49096748,HttpError
1175,0.35,0.07626513,0.029203862
1176,0.305,0.0522442,0.037479248
1177,0.55,0.10012474,0.22926712
1178,0.5,0.17704433,HttpError
1179,0.305,0.22519238,0.10648352
1180,0.25,0.03542522,0.074746534
1181,0.31,0.06429475,0.18655346
1182,0.2,0.32158658,HttpError
1183,0.32,0.05448222,0.19998085
1184,0.3,0.27724835,0.27204555
1185,0.6,0.8513281,0.761402
1186,0.3,0.050996434,0.0949502
1187,0.405,0.4191765,0.22426492
1188,0.35,0.097169206,HttpError
1189,0.3,0.061137553,HttpError
1190,0.205,0.06936763,0.06826264
1191,0.205,0.07238015,0.16157904
1192,0.305,0.32131055,0.20500705
1193,0.35,0.4678121,HttpError
1194,0.2,0.17179994,HttpError
1195,0.55,0.8447827,HttpError
1196,0.6,0.87185377,HttpError
1197,0.55,0.073289104,0.039996427
1198,0.2,0.4407843,HttpError
1199,0.21,0.85667616,0.8028341
1200,0.15,0.025643144,0.015382299
1201,0.26,0.09395672,0.23089363
1202,0.55,0.92313737,0.90270954
1203,0.105,0.06981845,0.18978149
1204,0.25,0.15529482,0.044511784
1205,0.3,0.039679896,0.09186694
1206,0.15,0.113776386,0.04877886
1207,0.35,0.06512018,0.1263104
1208,0.2,0.02329052,0.039053556
1209,0.4,0.8717789,0.11738258
1210,0.35,0.06894346,HttpError
1211,0.205,0.06427826,HttpError
1212,0.4,0.037190787,0.25362745
1213,0.25,0.08361849,0.08361849
1214,0.2,0.0672326,0.07187839
1215,0.3,0.064290956,HttpError
1216,0.25,0.03448509,0.15191594
1217,0.265,0.08730334,HttpError
1218,0.3,0.010191524,0.038014244
1219,0.3,0.028718058,0.12726098
1220,0.3,0.042198546,0.04577884
1221,0.4,0.08730334,HttpError
1222,0.81,0.96158785,HttpError
1223,0.25,0.039407548,0.10381891
1224,0.5,0.18222076,HttpError
1225,0.25,0.03898905,HttpError
1226,0.26,0.18667838,HttpError
1227,0.5,0.89588875,0.070321165
1228,0.4,0.117265664,0.07368814
1229,0.35,0.023519969,HttpError
1230,0.31,0.18840414,0.07823326
1231,0.25,0.037928563,HttpError
1232,0.45,0.3213658,HttpError
1233,0.35,0.87175405,HttpError
1234,0.26,0.036081176,HttpError
1235,0.45,0.8958572,HttpError
1236,0.15,0.0489833,HttpError
1237,0.55,0.07023548,HttpError
1238,0.4,0.12088734,0.042616505
1239,0.405,0.035904516,HttpError
1240,0.3,0.11362147,0.19088006
1241,0.365,0.2991806,0.23176955
1242,0.255,0.34939703,HttpError
1243,0.26,0.22761858,0.38461506
1244,0.21,0.22063889,HttpError
1245,0.5,0.94966143,HttpError
1246,0.4,0.8441506,HttpError
1247,0.26,0.032943983,0.17402084
1248,0.455,0.15669334,HttpError
1249,0.255,0.19422652,0.2828675
1250,0.35,0.051384505,0.043974992
1251,0.305,0.10391943,0.099959895
1252,0.2,0.040534716,0.043251514
1253,0.2,0.06431531,HttpError
1254,0.31,0.025380408,HttpError
1255,0.35,0.078065544,HttpError
1256,0.25,0.017995225,0.029036181
1257,0.505,0.06432422,0.057185918
1258,0.35,0.16777258,HttpError
1259,0.415,0.40311342,0.29571006
1260,0.3,0.11232628,0.18095982
1261,0.25,0.052634586,HttpError
1262,0.355,0.21023478,HttpError
1263,0.35,0.047427505,0.06678396
1264,0.25,0.11219627,HttpError
1265,0.305,0.10283422,HttpError
1266,0.2,0.08197155,0.28004083
1267,0.6,0.93165123,HttpError
1268,0.25,0.16668592,0.11720162
1269,0.45,0.89955246,0.46589994
1270,0.315,0.037507005,HttpError
1271,0.35,0.029574566,0.035037532
1272,0.405,0.009311952,HttpError
1273,0.25,0.088613056,0.43300524
1274,0.25,0.10465532,HttpError
1275,0.3,0.1685326,0.53001565
1276,0.3,0.09564726,HttpError
1277,0.35,0.6519473,0.18229721
1278,0.35,0.08730334,HttpError
1279,0.55,0.8993477,0.9333764
1280,0.205,0.5343637,HttpError
1281,0.3,0.06768599,0.0062461053
1282,0.205,0.045111716,HttpError
1283,0.45,0.46247688,0.6519473
1284,0.315,0.18131033,0.22862259
1285,0.2,0.42109868,HttpError
1286,0.2,0.03898905,0.03898905
1287,0.405,0.06833228,HttpError
1288,0.45,0.187937,0.2313907
1289,0.4,0.069729835,0.09634731
1290,0.305,0.14241193,HttpError
1291,0.405,0.6519473,0.3220613
1292,0.3,0.03507798,0.016062956
1293,0.41,0.07309167,0.061824486
1294,0.25,0.041721843,0.23064414
1295,0.4,0.07637189,0.08896769
1296,0.3,0.026393563,0.43243828
1297,0.4,0.08730334,0.16108827
1298,0.405,0.49681503,HttpError
1299,0.35,0.31890944,HttpError
1300,0.45,0.4411114,0.12430491
1301,0.35,0.05562485,0.37584716
1302,0.405,0.022223268,HttpError
1303,0.3,0.2991672,0.11548695
1304,0.355,0.06449726,HttpError
1305,0.3,0.036858335,HttpError
1306,0.6,0.7143426,0.22512083
1307,0.35,0.11927167,0.17648867
1308,0.5,0.12633082,HttpError
1309,0.35,0.052670497,0.07304794
1310,0.365,0.030770382,HttpError
1311,0.25,0.04703674,HttpError
1312,0.3,0.14132658,HttpError
1313,0.3,0.08362778,0.06548564
1314,0.315,0.08265545,0.3546432
1315,0.45,0.0719838,0.0875859
1316,0.65,0.8761441,0.24045295
1317,0.255,0.20153864,HttpError
1318,0.32,0.06533259,0.05898681
1319,0.255,0.12471847,HttpError
1320,0.4,0.20670491,0.23164035
1321,0.4,0.020640165,0.017810157
1322,0.35,0.32129437,0.5232628
1323,0.25,0.13141935,0.035543464
1324,0.35,0.054607946,HttpError
1325,0.4,0.2224547,0.4824165
1326,0.25,0.12032537,0.1979449
1327,0.25,0.069826886,HttpError
1328,0.3,0.17571259,HttpError
1329,0.6,0.4091102,HttpError
1330,0.3,0.6519473,0.36488327
1331,0.26,0.06719168,0.23233113
1332,0.155,0.24083136,0.36371395
1333,0.365,0.034887347,0.17226174
1334,0.505,0.104811236,0.39645442
1335,0.305,0.30965444,HttpError
1336,0.35,0.34612575,0.13326055
1337,0.35,0.042179044,HttpError
1338,0.65,0.6204974,0.080622345
1339,0.315,0.07307224,HttpError
1340,0.355,0.3858163,0.49378753
1341,0.4,0.12831935,0.05951064
1342,0.25,0.19874737,HttpError
1343,0.205,0.10348895,0.07121046
1344,0.25,0.046784934,0.057722524
1345,0.4,0.11585109,0.181653
1346,0.355,0.038701557,HttpError
1347,0.5,0.08730334,0.17226174
1348,0.35,0.08730334,0.15375075
1349,0.4,0.17952853,0.83785176
1350,0.3,0.21168736,0.32185826
1351,0.35,0.0874768,0.08589714
1352,0.4,0.9472598,HttpError
1353,0.2,0.14157453,HttpError
1354,0.205,0.10099152,0.13298358
1355,0.35,0.03909298,0.08579939
1356,0.205,0.041290052,0.04393302
1357,0.2,0.21684645,HttpError
1358,0.35,0.1287993,0.07179816
1359,0.25,0.02985714,0.10212371
1360,0.25,0.046351463,0.08140444
1361,0.3,0.11113748,0.12115535
1362,0.15,0.07948124,0.13349798
1363,0.45,0.060706418,HttpError
1364,0.405,0.24438433,0.22321916
1365,0.35,0.18421736,0.10364507
1366,0.25,0.026036536,0.08567274
1367,0.35,0.06829027,0.07407528
1368,0.45,0.105982006,0.08519754
1369,0.2,0.080749005,0.09864946
1370,0.5,0.43747208,HttpError
1371,0.25,0.13354096,HttpError
1372,0.3,0.08135767,0.26626232
1373,0.3,0.37186885,HttpError
1374,0.25,0.189098,0.6079781
1375,0.3,0.14488855,0.12225973
1376,0.5,0.015422425,0.03569345
1377,0.3,0.27053162,0.1190114
1378,0.4,0.026036523,0.08567274
1379,0.5,0.22604762,0.46589994
1380,0.255,0.21684645,HttpError
1381,0.6,0.20285769,HttpError
1382,0.3,0.07924216,0.11635441
1383,0.3,0.2612694,HttpError
1384,0.25,0.11368245,HttpError
1385,0.6,0.5325866,HttpError
1386,0.15,0.12145548,0.11855302
1387,0.4,0.07876214,0.08940505
1388,0.35,0.064341016,0.09460646
1389,0.255,0.026036523,0.08567274
1390,0.265,0.11507573,0.42326945
1391,0.35,0.57203764,0.11859506
1392,0.4,0.07153971,HttpError
1393,0.2,0.0280202,0.06870036
1394,0.35,0.1967954,0.26398596
1395,0.35,0.13523601,0.072688445
1396,0.6,0.05525811,0.09962176
1397,0.35,0.029471062,0.04187618
1398,0.255,0.257187,0.18745609
1399,0.315,0.030933479,HttpError
1400,0.47,0.9561871,0.9362384
1401,0.265,0.026036536,0.08567274
1402,0.3,0.21100706,HttpError
1403,0.35,0.122128315,0.052565534
1404,0.25,0.020084264,HttpError
1405,0.35,0.08276694,0.07404849
1406,0.45,0.22842865,0.10225888
1407,0.4,0.09528535,0.021906003
1408,0.205,0.06768213,0.06551365
1409,0.3,0.18133317,0.15637372
1410,0.5,0.06259354,0.0143118715
1411,0.3,0.093439296,0.24881579
1412,0.3,0.026036523,0.08567274
1413,0.55,0.19886541,0.1415805
1414,0.405,0.22936507,HttpError
1415,0.205,0.35949028,0.19261317
1416,0.265,0.037297077,0.17028607
1417,0.205,0.104235515,0.062572554
1418,0.3,0.22521609,0.119850926
1419,0.46,0.19252308,0.16108827
1420,0.2,0.14569739,HttpError
1421,0.5,0.44042233,0.5514455
1422,0.6,0.9332056,HttpError
1423,0.45,0.37502423,0.22835135
1424,0.35,0.02452808,0.12733972
1425,0.3,0.17724903,0.40108684
1426,0.3,0.21974434,0.26104155
1427,0.31,0.036709156,0.05248443
1428,0.4,0.042176973,HttpError
1429,0.3,0.13343322,0.19477218
1430,0.35,0.036064114,0.03972358
1431,0.31,0.20562,0.18445584
1432,0.205,0.29167908,0.2067546
1433,0.3,0.026036536,0.08567274
1434,0.25,0.23534103,0.4596416
1435,0.305,0.07159833,HttpError
1436,0.3,0.08317342,HttpError
1437,0.3,0.052187946,0.074548654
1438,0.35,0.3850833,0.1771125
1439,0.4,0.087303296,0.024076663
1440,0.3,0.03752537,0.024341168
1441,0.4,0.07223824,0.07952074
1442,0.2,0.13402614,0.11642868
1443,0.505,0.0958543,0.070743054
1444,0.25,0.019833365,0.071855605
1445,0.26,0.0804158,HttpError
1446,0.3,0.23253338,0.32143655
1447,0.3,0.887492,HttpError
1448,0.4,0.08730334,HttpError
1449,0.25,0.23963867,0.07808392
1450,0.35,0.08730334,0.051384483
1451,0.31,0.44318184,0.1682547
1452,0.65,0.2015816,0.12743959
1453,0.3,0.041203268,0.05981124
1454,0.35,0.10839135,0.06738621
1455,0.4,0.046896122,HttpError
1456,0.355,0.116826564,HttpError
1457,0.355,0.10755408,0.11034697
1458,0.4,0.26550967,0.2791133
1459,0.2,0.064105794,0.1539738
1460,0.305,0.21521743,0.060295142
1461,0.25,0.119529806,0.24485606
1462,0.15,0.036681544,0.030385323
1463,0.4,0.53295934,0.3143109
1464,0.25,0.1911813,HttpError
1465,0.25,0.034887347,HttpError
1466,0.2,0.10746306,0.15422156
1467,0.205,0.0540228,HttpError
1468,0.3,0.026036523,0.08567274
1469,0.2,0.10198603,0.4169554
1470,0.2,0.70083624,0.025812963
1471,0.155,0.032171093,0.07474843
1472,0.3,0.10123021,0.10100424
1473,0.26,0.2449991,0.12007374
1474,0.2,0.035589304,0.05124165
1475,0.35,0.087303296,0.1345974
1476,0.2,0.06432143,0.035484232
1477,0.2,0.09345474,0.17258894
1478,0.25,0.047724936,HttpError
1479,0.3,0.15021014,HttpError
1480,0.35,0.08397521,HttpError
1481,0.2,0.3252394,0.025879346
1482,0.6,0.6079781,HttpError
1483,0.3,0.113132186,0.19522622
1484,0.26,0.1830557,0.12982365
1485,0.3,0.04631385,0.043460544
1486,0.35,0.2851709,0.22846064
1487,0.25,0.066072054,0.24965088
1488,0.3,0.32156053,0.27314588
1489,0.45,0.14176108,HttpError
1490,0.25,0.12014503,0.071097404
1491,0.305,0.20400916,HttpError
1492,0.35,0.08730334,HttpError
1493,0.31,0.08583896,HttpError
1494,0.25,0.06596207,HttpError
1495,0.25,0.034887347,HttpError
1496,0.3,0.026527803,0.22071545
1497,0.35,0.08730334,HttpError
1498,0.305,0.0791448,0.044852886
1499,0.45,0.18591386,0.16445363
1500,0.3,0.026036523,0.08567274
1501,0.25,0.08838083,0.22560656
1502,0.555,0.2215039,0.12120232
1503,0.55,0.9818121,0.9557759
1504,0.25,0.06533727,HttpError
1505,0.15,0.10631712,HttpError
1506,0.35,0.08320418,HttpError
1507,0.3,0.06612735,HttpError
1508,0.305,0.27753004,0.3193647
1509,0.405,0.07117817,0.09371131
1510,0.25,0.07134236,0.1159546
1511,0.3,0.14112273,0.20996475
1512,0.31,0.05592519,0.09236818
1513,0.2,0.12329276,0.11121795
1514,0.15,0.022275435,HttpError
1515,0.155,0.20223658,0.15711392
1516,0.255,0.02924566,0.06700382
1517,0.1,0.03780862,0.1145833
1518,0.3,0.14639558,0.08581171
1519,0.35,0.17628159,0.13884147
1520,0.25,0.121939614,0.15825967
1521,0.25,0.117489226,HttpError
1522,0.2,0.052049372,HttpError
1523,0.25,0.08036315,HttpError
1524,0.51,0.12192331,0.23103997
1525,0.3,0.11497589,0.22363754
1526,0.4,0.106763385,0.089180775
1527,0.5,0.040187065,0.09380932
1528,0.505,0.087066434,0.27096018
1529,0.25,0.115902744,0.048421767
1530,0.4,0.21220091,0.15956953
1531,0.35,0.22170593,0.124839745
1532,0.3,0.41368222,HttpError
1533,0.55,0.8736864,0.31506717
1534,0.25,0.12400646,0.121406764
1535,0.35,0.15363175,0.51058865
1536,0.4,0.011569248,0.6415446
1537,0.31,0.3601617,0.37382427
1538,0.25,0.34410617,0.37363058
1539,0.25,0.07132076,0.07891101
1540,0.35,0.115982786,HttpError
1541,0.46,0.17849344,HttpError
1542,0.35,0.2613514,0.24189958
1543,0.9,0.9258141,HttpError
1544,0.35,0.12263532,HttpError
1545,0.5,0.8714377,HttpError
1546,0.3,0.22288848,0.1475311
1547,0.55,0.08494326,0.2128972
1548,0.35,0.0810366,0.08880657
1549,0.315,0.057057675,HttpError
1550,0.45,0.49957755,0.15792595
1551,0.25,0.1409576,0.09412225
1552,0.4,0.08730334,0.024076663
1553,0.35,0.08730334,HttpError
1554,0.35,0.08730334,0.15191594
1555,0.55,0.93330836,HttpError
1556,0.3,0.12280687,HttpError
1557,0.3,0.022018269,HttpError
1558,0.35,0.04303506,0.27293238
1559,0.255,0.16626477,0.1103254
1560,0.65,0.9332384,0.09180438
1561,0.3,0.226896,HttpError
1562,0.45,0.06644317,0.17721249
1563,0.355,0.65696067,HttpError
1564,0.25,0.11720122,0.61294585
1565,0.45,0.042714845,HttpError
1566,0.35,0.079457305,0.12972377
1567,0.25,0.18810728,HttpError
1568,0.4,0.09220601,0.22098641
1569,0.4,0.08730334,HttpError
1570,0.35,0.04821843,HttpError
1571,0.3,0.0660563,HttpError
1572,0.25,0.047982126,0.06945581
1573,0.25,0.11914968,0.06531472
1574,0.35,0.1257619,0.08298143
1575,0.7,0.91045284,HttpError
1576,0.5,0.120227814,0.15034184
1577,0.3,0.11949138,HttpError
1578,0.25,0.05600485,0.23622356
1579,0.4,0.08730334,HttpError
1580,0.3,0.14211334,0.20513958
1581,0.6,0.15258242,0.054064255
1582,0.405,0.068481565,0.06392586
1583,0.25,0.015209151,0.020723455
1584,0.4,0.19252308,0.10751175
1585,0.5,0.76124513,0.19957875
1586,0.31,0.18254103,HttpError
1587,0.25,0.1530374,0.1530374
1588,0.25,0.12413449,HttpError
1589,0.3,0.043956775,HttpError
1590,0.35,0.50238204,0.34857652
1591,0.25,0.120640054,HttpError
1592,0.25,0.46589994,HttpError
1593,0.2,0.06272048,0.32248905
1594,0.255,0.19937181,0.49947128
1595,0.25,0.068711646,HttpError
1596,0.3,0.23371027,0.2548699
1597,0.3,0.27067417,0.3622392
1598,0.3,0.8723751,HttpError
1599,0.46,0.20017453,HttpError
1600,0.2,0.09280093,0.20118392
1601,0.2,0.14300399,0.14927
1602,0.35,0.8028341,0.03206822
1603,0.26,0.06500553,0.1546817
1604,0.45,0.25804502,0.6079781
1605,0.45,0.11529576,0.071832195
1606,0.35,0.050756067,HttpError
1607,0.2,0.087303296,HttpError
1608,0.25,0.14222477,HttpError
1609,0.41,0.047691,0.07970642
1610,0.2,0.14855959,HttpError
1611,0.3,0.071355045,0.11918343
1612,0.255,0.38712284,0.12623696
1613,0.305,0.040217515,0.048718676
1614,0.3,0.21126767,0.6867344
1615,0.25,0.16923738,0.13764188
1616,0.3,0.17743254,0.16517508
1617,0.4,0.18754792,0.07880642
1618,0.25,0.063913815,HttpError
1619,0.15,0.009656524,0.025087219
1620,0.26,0.055407733,HttpError
1621,0.2,0.035971608,HttpError
1622,0.45,0.66553557,0.46589994
1623,0.25,0.08730334,HttpError
1624,0.45,0.3667044,0.08309328
1625,0.3,0.11753939,0.27885818
1626,0.3,0.22447234,HttpError
1627,0.51,0.90813,0.07788975
1628,0.35,0.6193424,HttpError
1629,0.3,0.11865828,HttpError
1630,0.21,0.08099897,0.2545195
1631,0.205,0.03822016,0.13421494
1632,0.215,0.024512202,HttpError
1633,0.25,0.36490175,0.37146127
1634,0.25,0.22562748,HttpError
1635,0.305,0.035722584,0.12253192
1636,0.35,0.04874561,HttpError
1637,0.35,0.04085215,HttpError
1638,0.3,0.034887347,HttpError
1639,0.365,0.233318,HttpError
1640,0.35,0.08971676,HttpError
1641,0.3,0.1890171,HttpError
1642,0.3,0.19680855,HttpError
1643,0.3,0.073211804,0.49348688
1644,0.25,0.09142829,0.12355362
1645,0.3,0.041938696,0.14173909
1646,0.35,0.12119973,0.16596171
1647,0.3,0.021283982,0.105437994
1648,0.25,0.060483906,0.1079507
1649,0.45,0.93206835,HttpError
1650,0.4,0.20613807,0.27458152
1651,0.3,0.068587996,HttpError
1652,0.255,0.6859132,0.32912844
1653,0.305,0.12265586,0.3325928
1654,0.355,0.090440154,0.32971594
1655,0.255,0.10414565,HttpError
1656,0.315,0.066770926,0.42349035
1657,0.4,0.13828474,HttpError
1658,0.45,0.15770735,HttpError
1659,0.26,0.1681463,0.06788626
1660,0.3,0.064851806,0.3597849
1661,0.35,0.12410774,0.21232133
1662,0.45,0.11945916,0.20003113
1663,0.3,0.2582334,0.46589994
1664,0.4,0.1956494,HttpError
1665,0.35,0.5129554,0.32185957
1666,0.365,0.24637847,HttpError
1667,0.3,0.028757643,HttpError
1668,0.25,0.36367756,HttpError
1669,0.305,0.9482129,0.92703164
1670,0.3,0.17953008,HttpError
1671,0.3,0.277304,0.30146497
1672,0.3,0.051301565,0.074011944
1673,0.3,0.19298866,HttpError
1674,0.25,0.5328448,0.2398716
1675,0.25,0.07541029,HttpError
1676,0.35,0.30801818,0.17227302
1677,0.35,0.025224227,0.16860408
1678,0.35,0.017009743,HttpError
1679,0.3,0.042550407,0.25849888
1680,0.35,0.07178683,0.11483469
1681,0.31,0.03153521,0.072504856
1682,0.25,0.09905641,0.10516072
1683,0.4,0.020415654,0.13781519
1684,0.45,0.10893094,0.75112975
1685,0.3,0.066370636,HttpError
1686,0.25,0.036536686,0.5060906
1687,0.305,0.041198615,HttpError
1688,0.35,0.02928008,HttpError
1689,0.45,0.32129973,0.66615945
1690,0.75,0.5007227,HttpError
1691,0.25,0.06710181,0.2263336
1692,0.5,0.7143426,0.3132597
1693,0.36,0.37137824,0.23091048
1694,0.255,0.064851806,0.28096864
1695,0.405,0.08926882,HttpError
1696,0.45,0.21078157,0.04526244
1697,0.45,0.17074654,0.087235905
1698,0.3,0.26607573,HttpError
1699,0.305,0.121897995,0.11754033
1700,0.2,0.035505846,0.22350715
1701,0.25,0.06611903,0.030955866
1702,0.4,0.1057234,HttpError
1703,0.35,0.13285448,HttpError
1704,0.4,0.11043977,HttpError
1705,0.25,0.12258115,0.21759073
1706,0.36,0.20147713,0.27368993
1707,0.25,0.074691646,HttpError
1708,0.3,0.5358818,0.7143426
1709,0.35,0.0747523,0.093046136
1710,0.25,0.035659503,HttpError
1711,0.255,0.7143426,0.5316071
1712,0.365,0.37843937,0.10633494
1713,0.46,0.933391,0.89005864
1714,0.26,0.16249138,HttpError
1715,0.35,0.05173597,0.055330317
1716,0.5,0.23520847,0.21917874
1717,0.25,0.02495738,0.279853
1718,0.3,0.048020463,0.113495424
1719,0.31,0.40760073,0.3019626
1720,0.3,0.1760288,0.1474865
1721,0.4,0.24056926,0.16468644
1722,0.3,0.22727357,0.18864727
1723,0.4,0.121233776,HttpError
1724,0.95,0.968046,HttpError
1725,0.65,0.9273018,HttpError
1726,0.9,0.89553,HttpError
1727,0.5,0.09629383,0.115469836
1728,0.45,0.024452752,HttpError
1729,0.4,0.32164624,0.19730969
1730,0.205,0.05977461,0.09336525
1731,0.25,0.047778636,0.13868497
1732,0.1,0.0642044,0.09672358
1733,0.25,0.15098181,0.24065216
1734,0.305,0.16210943,0.06846952
1735,0.55,0.08730334,0.29833022
1736,0.37,0.07152453,0.18065777
1737,0.4,0.07060686,0.11992221
1738,0.265,0.24719608,0.3780878
1739,0.455,0.06211579,0.06328069
1740,0.355,0.63216317,0.44957253
1741,0.315,0.48507538,0.3216824
1742,0.515,0.5258739,HttpError
1743,0.2,0.06884324,HttpError
1744,0.45,0.08730334,HttpError
1745,0.45,0.54790086,0.61489457
1746,0.155,0.028059706,0.021714332
1747,0.4,0.21335688,0.43407887
1748,0.35,0.096058495,HttpError
1749,0.95,0.986102,0.07454819
1750,0.9,0.9125116,HttpError
1751,0.205,0.04707917,0.061272256
1752,0.305,0.21004464,0.5271542
1753,0.405,0.09197103,0.38534635
1754,0.45,0.28128782,0.06500065
1755,0.3,0.060879998,HttpError
1756,0.35,0.06799797,HttpError
1757,0.4,0.1884905,HttpError
1758,0.305,0.1220003,0.020114506
1759,0.265,0.06813691,0.17640623
1760,0.42,0.28223312,0.24633738
1761,0.3,0.08940965,0.24006252
1762,0.35,0.38860273,0.20034392
1763,0.405,0.20562,0.1345974
1764,0.35,0.07026146,0.09450739
1765,0.41,0.22681363,HttpError
1766,0.45,0.22602633,0.14044473
1767,0.355,0.120631225,HttpError
1768,0.35,0.023628818,HttpError
1769,0.255,0.033109892,0.03840524
1770,0.3,0.8656178,HttpError
1771,0.2,0.054702763,HttpError
1772,0.26,0.116499886,0.16494212
1773,0.25,0.18736118,0.12811525
1774,0.3,0.010866936,0.09141024
1775,0.35,0.12445801,0.22291945
1776,0.3,0.08493982,0.043709997
1777,0.5,0.05143368,0.112350285
1778,0.35,0.08110085,0.12203523
1779,0.3,0.20147713,0.20147713
1780,0.3,0.06212157,HttpError
1781,0.5,0.072054334,0.06499436
1782,0.3,0.83203053,0.65225124
1783,0.3,0.066838704,HttpError
1784,0.3,0.030026024,HttpError
1785,0.3,0.09530198,0.07749319
1786,0.41,0.051930208,0.043707985
1787,0.35,0.23348254,0.3478571
1788,0.4,0.098303996,0.09527205
1789,0.25,0.08730334,0.059412777
1790,0.4,0.035046566,HttpError
1791,0.255,0.041419704,0.030837081
1792,0.8,0.91375494,0.44029135
1793,0.45,0.9658244,0.8941358
1794,0.25,0.10767976,0.10767976
1795,0.205,0.025726838,0.06082977
1796,0.95,0.92703164,0.9156073
1797,0.3,0.46589994,0.2500275
1798,0.21,0.19945303,HttpError
1799,0.605,0.8839944,0.22122918
1800,0.35,0.17529821,0.1584677
1801,0.3,0.12409677,0.09486994
1802,0.35,0.08274218,HttpError
1803,0.3,0.10247641,0.0504337
1804,0.45,0.296007,0.16140704
1805,0.35,0.55059594,HttpError
1806,0.4,0.0651224,0.039729476
1807,0.255,0.12315924,0.1466238
1808,0.305,0.071559556,0.3219233
1809,0.3,0.15230136,HttpError
1810,0.35,0.36269847,HttpError
1811,0.3,0.15974922,0.07697264
1812,0.31,0.29634655,0.43050146
1813,0.15,0.06721237,0.020541454
1814,0.1,0.07340112,HttpError
1815,0.3,0.07176149,0.08883255
1816,0.305,0.9511538,HttpError
1817,0.25,0.069593444,0.07200351
1818,0.2,0.316483,0.22800072
1819,0.51,0.83785176,0.17163013
1820,0.26,0.025288472,0.04677899
1821,0.3,0.23275982,0.61819154
1822,0.35,0.097858265,HttpError
1823,0.55,0.22472553,0.22186437
1824,0.4,0.051384483,0.043974992
1825,0.35,0.12400513,0.21831726
1826,0.45,0.08730334,HttpError
1827,0.35,0.2686204,0.17462207
1828,0.5,0.83785176,0.842074
1829,0.25,0.10651109,0.13756609
1830,0.26,0.0892353,0.12428641
1831,0.615,0.63866794,0.53248316
1832,0.3,0.05622934,0.056229364
1833,0.31,0.07430682,0.10957057
1834,0.25,0.20336767,0.24434344
1835,0.26,0.080931716,0.161433
1836,0.31,0.11407246,0.2295475
1837,0.31,0.015579703,HttpError
1838,0.315,0.14881925,0.11686738
1839,0.25,0.13671091,HttpError
1840,0.4,0.06885709,0.13453388
1841,0.4,0.084854856,0.08773155
1842,0.2,0.23315775,HttpError
1843,0.25,0.025241101,0.04697797
1844,0.255,0.32283506,0.54618543
1845,0.31,0.09423686,HttpError
1846,0.3,0.101981916,0.054903142
1847,0.25,0.02421983,0.08567274
1848,0.26,0.06491364,0.18243948
1849,0.2,0.035475995,0.10367983
1850,0.355,0.04864476,0.12238395
1851,0.4,0.37799552,0.31334767
1852,0.505,0.92337465,HttpError
1853,0.3,0.0694096,0.12983105
1854,0.3,0.027333211,0.06402646
1855,0.2,0.11167088,HttpError
1856,0.45,0.42846182,HttpError
1857,0.205,0.07651955,HttpError
1858,0.2,0.22984232,0.36948752
1859,0.2,0.045907155,0.11806935
1860,0.27,0.21736962,0.27919185
1861,0.2,0.3747937,0.23905121
1862,0.2,0.27896425,HttpError
1863,0.25,0.22760467,0.2820977
1864,0.31,0.37414765,HttpError
1865,0.205,0.13908508,0.28229874
1866,0.2,0.05396675,0.08484828
1867,0.26,0.1281917,0.2548941
1868,0.305,0.10717253,0.08746489
1869,0.2,0.03408317,0.07755017
1870,0.35,0.057392053,0.47698244
1871,0.4,0.2058674,0.10735262
1872,0.3,0.19252308,HttpError
1873,0.35,0.048761778,0.10192998
1874,0.2,0.07888867,0.12259688
1875,0.25,0.2814648,HttpError
1876,0.26,0.21602495,0.22551264
1877,0.4,0.2053542,0.22830631
1878,0.255,0.037678927,0.074983366
1879,0.25,0.04567477,0.06537799
1880,0.255,0.08722406,0.2061916
1881,0.255,0.0656109,0.14410077
1882,0.355,0.11066359,0.12449524
1883,0.25,0.6190957,HttpError
1884,0.31,0.116641566,0.18743782
1885,0.45,0.051363654,0.24968904
1886,0.25,0.11649872,0.11616695
1887,0.25,0.22848822,0.24467772
1888,0.25,0.018482447,HttpError
1889,0.205,0.048565388,0.20326272
1890,0.41,0.4821839,0.0672459
1891,0.315,0.2956207,0.30521333
1892,0.25,0.1956309,HttpError
1893,0.35,0.1853195,0.22529374
1894,0.3,0.1853195,0.22529374
1895,0.26,0.1223048,0.2793753
1896,0.305,0.064101376,0.12120453
1897,0.35,0.24351697,0.13559057
1898,0.26,0.22738662,0.29388794
1899,0.3,0.04999865,0.0846683
1900,0.2,0.061776493,HttpError
1901,0.25,0.12322059,HttpError
1902,0.2,0.07218563,0.06423089
1903,0.25,0.10167784,HttpError
1904,0.26,0.10777147,0.31359592
1905,0.2,0.046699636,HttpError
1906,0.16,0.11375103,HttpError
1907,0.2,0.61917746,0.28045002
1908,0.31,0.26455176,HttpError
1909,0.35,0.9665591,HttpError
1910,0.365,0.17566061,0.33768812
1911,0.31,0.117157616,0.26212624
1912,0.2,0.050668385,0.21014303
1913,0.16,0.1719632,0.098587126
1914,0.3,0.091433175,0.13396713
1915,0.4,0.11833482,HttpError
1916,0.3,0.07785609,0.06795224
1917,0.45,0.085635304,HttpError
1918,0.4,0.026102835,0.37881187
1919,0.45,0.0898776,0.12409915
1920,0.31,0.2360508,0.20591013
1921,0.255,0.25221145,0.20653965
1922,0.3,0.07508759,0.19211642
1923,0.3,0.13522919,0.35275906
1924,0.2,0.012804568,0.123880155
1925,0.25,0.15364799,0.27601117
1926,0.35,0.1983111,HttpError
1927,0.4,0.6107333,0.66553557
1928,0.3,0.12038945,HttpError
1929,0.35,0.20298675,0.11057099
1930,0.25,0.06328025,0.24263242
1931,0.4,0.059428185,0.17048146
1932,0.26,0.027210215,0.09609264
1933,0.205,0.54528356,HttpError
1934,0.305,0.17539051,HttpError
1935,0.255,0.10023438,0.18544765
1936,0.2,0.07245807,HttpError
1937,0.15,0.03457833,HttpError
1938,0.255,0.16358939,HttpError
1939,0.25,0.09264583,HttpError
1940,0.3,0.10237807,0.3140739
1941,0.35,0.08730334,HttpError
1942,0.3,0.067384504,0.17555958
1943,0.3,0.53081256,HttpError
1944,0.3,0.21329074,0.20534816
1945,0.35,0.38508326,0.6519473
1946,0.45,0.044830944,HttpError
1947,0.255,0.24515663,0.438108
1948,0.3,0.19936545,0.22903684
1949,0.4,0.026703745,0.064253606
1950,0.55,0.07354026,0.37542966
1951,0.205,0.065073214,0.102971956
1952,0.3,0.042230465,0.21008947
1953,0.35,0.087303355,HttpError
1954,0.31,0.066347234,HttpError
1955,0.4,0.064939946,0.1391281
1956,0.4,0.11616327,0.25839505
1957,0.155,0.12169868,0.19447182
1958,0.25,0.020051915,0.12274235
1959,0.3,0.053888742,0.15497953
1960,0.35,0.04193416,0.11782961
1961,0.35,0.10237805,0.17802377
1962,0.3,0.091433175,0.15228795
1963,0.255,0.12032908,0.37434885
1964,0.25,0.06314431,HttpError
1965,0.3,0.27840623,0.42624566
1966,0.255,0.321405,0.3598437
1967,0.265,0.0441589,0.12576088
1968,0.2,0.22838129,0.2302986
1969,0.25,0.21153194,0.14994437
1970,0.3,0.16885099,0.11972195
1971,0.35,0.3778211,HttpError
1972,0.2,0.071323164,0.122425824
1973,0.4,0.085814595,0.21812434
1974,0.2,0.09761947,0.2688591
1975,0.3,0.11209334,0.10473009
1976,0.35,0.13355231,HttpError
1977,0.26,0.036567338,0.10369071
1978,0.35,0.089684635,0.18079406
1979,0.3,0.086036116,0.26647705
1980,0.2,0.12738454,0.19813089
1981,0.25,0.10282492,0.83182734
1982,0.4,0.2601536,0.3583999
1983,0.45,0.26595798,0.29114595
1984,0.25,0.06427029,HttpError
1985,0.3,0.20933229,0.32248855
1986,0.355,0.07182358,HttpError
1987,0.25,0.32590255,0.27826512
1988,0.4,0.07468704,0.12124987
1989,0.45,0.22425182,HttpError
1990,0.35,0.013597568,0.014472613
1991,0.35,0.061683863,0.16431361
1992,0.3,0.049812984,HttpError
1993,0.3,0.5314714,HttpError
1994,0.25,0.8210291,HttpError
1995,0.4,0.08171271,HttpError
1996,0.3,0.07184356,0.18215932
1997,0.25,0.17831105,0.17961209
1998,0.3,0.06979671,0.1256216
1999,0.35,0.2829471,0.16996053
2000,0.35,0.08727956,0.16291507
2001,0.205,0.46589994,0.39471585
2002,0.255,0.029397104,0.27241042
2003,0.205,0.033171415,0.08540652
2004,0.205,0.13279665,HttpError
2005,0.375,0.1934802,HttpError
2006,0.4,0.070665054,0.24940535
2007,0.2,0.13774048,0.09690901
2008,0.2,0.25410572,0.21489584
2009,0.25,0.11623483,HttpError
2010,0.2,0.15552275,0.12103903
2011,0.2,0.21455473,0.18292117
2012,0.26,0.026199494,0.2774497
2013,0.35,0.17053586,0.46589994
2014,0.26,0.14503925,0.304305
2015,0.32,0.12333456,0.09412425
2016,0.2,0.06619452,0.12207066
2017,0.25,0.06002,0.37944278
2018,0.3,0.18645735,0.16098838
2019,0.25,0.03361182,0.08983211
2020,0.2,0.120312825,0.31393254
2021,0.25,0.05180877,0.08762284
2022,0.2,0.23400342,HttpError
2023,0.3,0.06722676,0.049023423
2024,0.4,0.074079335,0.2746215
2025,0.3,0.041787438,HttpError
2026,0.3,0.029960385,0.09799022
2027,0.26,0.12866388,0.27963766
2028,0.315,0.08730334,HttpError
2029,0.255,0.114219196,0.2803322
2030,0.27,0.3823049,0.2791257
2031,0.3,0.10288727,HttpError
2032,0.45,0.12152772,0.119215816
2033,0.26,0.46589994,0.12955874
2034,0.355,0.9112296,0.6145268
2035,0.3,0.37943727,HttpError
2036,0.4,0.1097232,HttpError
2037,0.26,0.30710626,0.20387483
2038,0.2,0.17345414,0.22351667
2039,0.35,0.08673872,HttpError
2040,0.3,0.0929708,0.6231904
2041,0.25,0.07464673,0.05703484
2042,0.2,0.22467192,0.2557877
2043,0.205,0.27449155,0.36145544
2044,0.25,0.25933763,0.11667422
2045,0.25,0.3621753,HttpError
2046,0.25,0.08351626,0.17140874
2047,0.3,0.045372058,HttpError
2048,0.26,0.074730374,HttpError
2049,0.2,0.12330829,0.28628173
2050,0.3,0.92703164,HttpError
2051,0.26,0.21341458,HttpError
2052,0.315,0.1419204,HttpError
2053,0.2,0.15393694,HttpError
2054,0.2,0.41525045,0.22980274
2055,0.25,0.15479353,HttpError
2056,0.3,0.44020942,HttpError
2057,0.2,0.03869676,HttpError
2058,0.35,0.052761115,0.15647647
2059,0.4,0.501742,HttpError
2060,0.4,0.37465218,HttpError
2061,0.205,0.054963224,0.32131353
2062,0.205,0.66553557,HttpError
2063,0.26,0.18697676,0.18799478
2064,0.42,0.3220302,0.31467253
2065,0.2,0.07375377,0.26034766
2066,0.26,0.26835248,0.36248928
2067,0.2,0.075390324,HttpError
2068,0.3,0.09114024,0.3757479
2069,0.2,0.07225333,0.08505916
2070,0.4,0.23563233,0.22641848
2071,0.35,0.063944094,HttpError
2072,0.4,0.5052662,0.43807364
2073,0.26,0.23870552,0.4893722
2074,0.255,0.038817707,0.19706084
2075,0.315,0.11655046,0.25564936
2076,0.25,0.016968824,HttpError
2077,0.25,0.5991504,HttpError
2078,0.25,0.61876523,0.68834144
2079,0.31,0.093703896,HttpError
2080,0.255,0.45723724,HttpError
2081,0.355,0.08730334,0.6519473
2082,0.25,0.05837492,0.17293294
2083,0.3,0.1323479,0.13350397
2084,0.4,0.08843411,0.059057653
2085,0.2,0.18960597,0.07058543
2086,0.3,0.19927005,0.24560603
2087,0.3,0.06936653,0.118567355
2088,0.37,0.101270415,0.2644634
2089,0.25,0.13853936,0.124576494
2090,0.2,0.27353474,0.4298641
2091,0.25,0.085076205,0.32218775
2092,0.3,0.32114723,0.38391227
2093,0.26,0.15890943,0.28296992
2094,0.4,0.21836577,0.18255815
2095,0.25,0.018444827,0.1150521
2096,0.205,0.05236047,0.3525156
2097,0.35,0.06525989,0.120053925
2098,0.55,0.116222754,0.14601164
2099,0.5,0.12293686,HttpError
2100,0.2,0.29925767,HttpError
2101,0.205,0.17709048,HttpError
2102,0.305,0.07008433,HttpError
2103,0.3,0.19942316,0.24013984
2104,0.35,0.3224049,0.42636135
2105,0.25,0.08341386,0.11421394
2106,0.2,0.06930585,0.23223573
2107,0.25,0.117881544,0.14557844
2108,0.3,0.09876965,0.07239784
2109,0.35,0.3720343,HttpError
2110,0.3,0.06719542,HttpError
2111,0.4,0.043220755,0.06755891
2112,0.26,0.48628518,0.5324019
2113,0.2,0.06679911,HttpError
2114,0.31,0.28039247,0.17648785
2115,0.35,0.15358615,HttpError
2116,0.3,0.10891897,0.09757066
2117,0.15,0.020879382,0.06598163
2118,0.25,0.37648478,HttpError
2119,0.3,0.07391313,0.356615
2120,0.315,0.056628518,0.24708329
2121,0.31,0.05477879,0.25279763
2122,0.25,0.9046185,HttpError
2123,0.2,0.056039408,0.28262347
2124,0.45,0.3663475,HttpError
2125,0.35,0.06414336,HttpError
2126,0.205,0.037007302,HttpError
2127,0.255,0.023324784,HttpError
2128,0.305,0.09239658,0.3740485
2129,0.2,0.03875464,HttpError
2130,0.2,0.10994045,0.10489971
2131,0.3,0.4883505,0.6180188
2132,0.35,0.087303296,HttpError
2133,0.3,0.26902184,HttpError
2134,0.35,0.19030868,0.08594465
2135,0.25,0.07460514,0.45320958
2136,0.2,0.07388089,0.19161552
2137,0.2,0.07037205,HttpError
2138,0.25,0.084898844,0.07918381
2139,0.26,0.1811419,0.2170432
2140,0.3,0.35184303,0.26608843
2141,0.26,0.08608504,0.24258767
2142,0.205,0.008725525,0.20875157
2143,0.3,0.023897376,0.048529442
2144,0.205,0.2015536,0.29659003
2145,0.4,0.06943023,HttpError
2146,0.2,0.043582533,HttpError
2147,0.25,0.04767765,0.23014061
2148,0.9,0.96509165,0.1345974
2149,0.35,0.24064016,0.3913274
2150,0.36,0.9442611,HttpError
2151,0.4,0.5714489,0.46589994
2152,0.5,0.089563906,0.1418042
2153,0.25,0.07238973,HttpError
2154,0.2,0.5216151,HttpError
2155,0.25,0.32274804,0.46589994
2156,0.3,0.021817626,HttpError
2157,0.35,0.15222195,0.04718548
2158,0.205,0.18749122,0.21027835
2159,0.25,0.087303296,HttpError
2160,0.4,0.22324261,0.17435394
2161,0.3,0.4827752,0.5130144
2162,0.26,0.27270108,HttpError
2163,0.3,0.13851485,0.161407
2164,0.26,0.20499612,HttpError
2165,0.31,0.18399426,0.12154764
2166,0.205,0.03371052,0.18537049
2167,0.15,0.069077976,0.084292464
2168,0.35,0.120482646,0.14121358
2169,0.25,0.2030042,HttpError
2170,0.26,0.13222535,HttpError
2171,0.3,0.1436273,HttpError
2172,0.3,0.11545982,0.24381007
2173,0.205,0.11704078,0.106138214
2174,0.4,0.16620924,0.34926713
2175,0.25,0.4369437,0.43301073
2176,0.305,0.18702364,0.19306414
2177,0.31,0.14867117,0.19720596
2178,0.365,0.22999716,0.08096002
2179,0.305,0.108974956,0.14695875
2180,0.2,0.048947014,0.06851752
2181,0.465,0.8736893,HttpError
2182,0.35,0.06959634,0.21010195
2183,0.2,0.041902058,0.08874398
2184,0.26,0.11518122,0.20422617
2185,0.25,0.052906208,0.30760953
2186,0.35,0.051852968,0.1224326
2187,0.3,0.09832235,0.1267403
2188,0.205,0.14585158,0.25360587
2189,0.26,0.20599337,0.23139241
2190,0.45,0.93635553,0.28292587
2191,0.155,0.08755386,HttpError
2192,0.415,0.3212831,0.0732782
2193,0.35,0.08730334,HttpError
2194,0.35,0.028029371,HttpError
2195,0.4,0.11926074,HttpError
2196,0.3,0.06932463,0.09879782
2197,0.305,0.041729715,HttpError
2198,0.255,0.032192115,HttpError
2199,0.25,0.22517763,0.43788156
2200,0.35,0.17132151,0.26444447
2201,0.25,0.08730334,HttpError
2202,0.3,0.027860682,0.048971
2203,0.35,0.060233984,0.29009974
2204,0.26,0.3214381,0.29063734
2205,0.15,0.15383963,0.08907165
2206,0.35,0.19291975,HttpError
2207,0.315,0.07684156,0.069564685
2208,0.25,0.116497435,HttpError
2209,0.315,0.22942424,0.05520996
2210,0.25,0.03810575,0.08868226
2211,0.15,0.08289315,0.29629427
2212,0.26,0.22821698,0.18421556
2213,0.35,0.05238357,0.19303809
2214,0.4,0.013647822,HttpError
2215,0.2,0.05960503,0.22047512
2216,0.25,0.123506695,0.08213515
2217,0.2,0.01654028,0.11947569
2218,0.35,0.19505572,0.17594968
2219,0.35,0.018667169,HttpError
2220,0.3,0.10016127,0.07769036
2221,0.205,0.045948807,0.16008413
2222,0.3,0.07120221,HttpError
2223,0.3,0.22403029,0.23956396
2224,0.37,0.043771364,0.30646276
2225,0.3,0.21684645,HttpError
2226,0.3,0.11434879,0.09093454
2227,0.35,0.08730334,0.03552928
2228,0.3,0.02991165,HttpError
2229,0.26,0.14957365,0.1936586
2230,0.3,0.06539249,0.17954652
2231,0.26,0.07258258,HttpError
2232,0.1,0.069234855,HttpError
2233,0.25,0.03780862,HttpError
2234,0.26,0.09448656,0.19972518
2235,0.26,0.051271502,HttpError
2236,0.4,0.06833216,0.16248411
2237,0.4,0.20211157,HttpError
2238,0.26,0.07816787,0.15235804
2239,0.2,0.23203917,HttpError
2240,0.26,0.047437437,HttpError
2241,0.205,0.07634754,0.10871114
2242,0.3,0.121984646,0.06762332
2243,0.205,0.2196005,0.19886063
2244,0.26,0.11509347,0.09570587
2245,0.3,0.20147713,0.008179854
2246,0.3,0.23545356,0.27757153
2247,0.31,0.07804351,0.087264754
2248,0.35,0.14416365,0.120732285
2249,0.3,0.15328532,0.053572524
2250,0.4,0.048662722,0.06407301
2251,0.45,0.16150124,0.009415776
2252,0.3,0.038473748,0.3218984
2253,0.35,0.14907555,HttpError
2254,0.25,0.029483743,HttpError
2255,0.45,0.2996251,0.29803705
2256,0.35,0.12360317,0.06192574
2257,0.22,0.10798705,0.23030537
2258,0.45,0.4928856,0.12015639
2259,0.25,0.107692905,HttpError
2260,0.31,0.11247037,0.25622773
2261,0.3,0.18961258,0.22926602
2262,0.36,0.11931793,0.3211811
2263,0.255,0.21701287,0.37731105
2264,0.355,0.12887537,HttpError
2265,0.4,0.11766897,0.3573584
2266,0.3,0.114700444,0.06984932
2267,0.45,0.2819096,0.3155967
2268,0.25,0.12892482,HttpError
2269,0.3,0.25619516,HttpError
2270,0.31,0.07395346,0.21157552
2271,0.305,0.20394725,HttpError
2272,0.35,0.29035512,HttpError
2273,0.31,0.078630954,HttpError
2274,0.3,0.08184971,HttpError
2275,0.255,0.06950496,HttpError
2276,0.2,0.05286103,HttpError
2277,0.3,0.21960065,0.119207844
2278,0.35,0.065139286,0.2406313
2279,0.4,0.058829267,0.111158505
2280,0.26,0.05250131,HttpError
2281,0.205,0.14747366,HttpError
2282,0.26,0.21108064,HttpError
2283,0.205,0.11700204,0.12070808
2284,0.26,0.21108064,HttpError
2285,0.26,0.06321076,0.1355788
2286,0.205,0.10652327,HttpError
2287,0.315,0.14747366,HttpError
2288,0.35,0.53348994,0.55071336
2289,0.45,0.05686887,HttpError
2290,0.35,0.14996293,0.33802727
2291,0.35,0.18509012,HttpError
2292,0.2,0.18323685,HttpError
2293,0.25,0.08730334,HttpError
2294,0.2,0.071950935,0.09326611
2295,0.3,0.29020554,HttpError
2296,0.25,0.16455337,0.3131468
2297,0.3,0.13784224,0.34602812
2298,0.26,0.07759055,0.41782886
2299,0.35,0.07623672,0.15998021
2300,0.4,0.09693301,0.15409178
2301,0.25,0.11807737,HttpError
2302,0.3,0.103074685,HttpError
2303,0.35,0.22263485,HttpError
2304,0.45,0.07060374,0.15070447
2305,0.4,0.13493425,0.108330965
2306,0.5,0.6519473,0.22363977
2307,0.26,0.22748226,HttpError
2308,0.205,0.17641951,HttpError
2309,0.26,0.19813573,HttpError
2310,0.26,0.087303296,0.096003234
2311,0.31,0.13744015,0.1333341
2312,0.215,0.2607302,HttpError
2313,0.22,0.053404696,0.09577704
2314,0.22,0.22017103,HttpError
2315,0.3,0.040146157,0.19119488
2316,0.25,0.016855052,0.117579244
2317,0.2,0.026075758,HttpError
2318,0.25,0.07031847,0.123754054
2319,0.26,0.14497104,0.43047747
2320,0.255,0.2259715,HttpError
2321,0.3,0.123829834,0.10883253
2322,0.305,0.059475265,HttpError
2323,0.25,0.040361512,0.27995366
2324,0.26,0.34474742,0.29080355
2325,0.35,0.115707524,HttpError
2326,0.4,0.0606244,0.11448763
2327,0.25,0.0310874,0.08401077
2328,0.3,0.13393895,0.1813613
2329,0.2,0.15737219,HttpError
2330,0.205,0.02098971,0.06508372
2331,0.265,0.059475265,0.22847833
2332,0.35,0.23553045,HttpError
2333,0.3,0.2171874,0.40976435
2334,0.25,0.05250006,0.06450444
2335,0.2,0.19867787,HttpError
2336,0.4,0.2321516,0.2365912
2337,0.205,0.27581084,0.08331571
2338,0.3,0.12015942,0.07054074
2339,0.205,0.06959474,HttpError
2340,0.3,0.11938017,0.116187945
2341,0.26,0.21479481,0.13255915
2342,0.26,0.10625086,0.11762841
2343,0.205,0.06554582,0.0733832
2344,0.32,0.23200417,HttpError
2345,0.4,0.033689547,HttpError
2346,0.4,0.048098717,0.18381648
2347,0.325,0.088318355,0.21050698
2348,0.225,0.10286264,HttpError
2349,0.26,0.08979045,HttpError
2350,0.25,0.872305,HttpError
2351,0.25,0.2775001,0.1709198
2352,0.35,0.16815759,HttpError
2353,0.4,0.20808344,0.120604314
2354,0.75,0.9334223,HttpError
2355,0.2,0.10509304,HttpError
2356,0.3,0.065227225,0.14188094
2357,0.2,0.059475265,HttpError
2358,0.25,0.43193302,0.46589994
2359,0.35,0.1266438,0.07962314
2360,0.4,0.11019049,0.36017975
2361,0.25,0.040525045,0.15371147
2362,0.2,0.36969012,0.61802065
2363,0.3,0.9637685,HttpError
2364,0.35,0.122420296,0.11710274
2365,0.3,0.025353419,0.25442216
2366,0.3,0.085339956,0.1538095
2367,0.2,0.11803503,HttpError
2368,0.25,0.17435189,0.21908629
2369,0.3,0.081300765,0.10247029
2370,0.45,0.073838234,0.15039627
2371,0.2,0.28033575,HttpError
2372,0.4,0.5488412,HttpError
2373,0.3,0.07568419,0.085937575
2374,0.205,0.09876241,HttpError
2375,0.2,0.16804181,0.115583815
2376,0.25,0.03688613,0.09129838
2377,0.35,0.029358827,0.2250757
2378,0.3,0.21209776,0.3764404
2379,0.2,0.14592606,HttpError
2380,0.25,0.05419086,0.10413642
2381,0.2,0.10108427,0.13611089
2382,0.25,0.13907693,0.1441253
2383,0.2,0.22833039,HttpError
2384,0.4,0.13895081,0.30323258
2385,0.45,0.89948845,0.24298374
2386,0.3,0.09776058,0.24304414
2387,0.2,0.024742467,0.017748931
2388,0.3,0.04124484,0.13461575
2389,0.35,0.08541651,0.22574231
2390,0.25,0.7388681,0.45335805
2391,0.2,0.17258903,0.20882644
2392,0.25,0.03817958,0.10934385
2393,0.26,0.06951164,0.18058932
2394,0.25,0.059475265,HttpError
2395,0.26,0.08730334,HttpError
2396,0.35,0.04982068,0.2316776
2397,0.2,0.025115402,0.16246095
2398,0.26,0.1821341,HttpError
2399,0.4,0.059475265,0.7607636
2400,0.55,0.1013936,HttpError
2401,0.205,0.1779145,0.18915108
2402,0.26,0.2712065,0.11484349
2403,0.2,0.11584242,0.5227844
2404,0.26,0.17647436,HttpError
2405,0.3,0.03850584,0.23531808
2406,0.4,0.45254555,0.43714583
2407,0.25,0.11358784,0.10327409
2408,0.205,0.115717046,0.2152538
2409,0.35,0.68671054,0.43609226
2410,0.31,0.11614408,0.12761348
2411,0.205,0.05553301,HttpError
2412,0.4,0.07263695,0.12556097
2413,0.35,0.2446769,0.48335552
2414,0.255,0.13353013,0.26979575
2415,0.265,0.06601328,0.15838777
2416,0.35,0.13405582,0.2052634
2417,0.25,0.04226926,0.22986123
2418,0.4,0.11815232,0.22442473
2419,0.3,0.0675567,HttpError
2420,0.35,0.12679353,0.16832829
2421,0.365,0.21217482,0.18497008
2422,0.2,0.06256951,0.19297104
2423,0.26,0.5052005,0.312499
2424,0.2,0.03600414,0.21217546
2425,0.35,0.3014671,0.22549376
2426,0.4,0.11818621,HttpError
2427,0.25,0.010419813,HttpError
2428,0.26,0.12523465,HttpError
2429,0.25,0.53854156,0.08298606
2430,0.4,0.3603131,0.3213628
2431,0.35,0.23010078,0.50248486
2432,0.26,0.115963995,0.22555603
2433,0.35,0.03505684,0.08797796
2434,0.4,0.025916494,0.0649278
2435,0.3,0.109594725,0.18565302
2436,0.375,0.14893042,0.22374325
2437,0.25,0.091729105,HttpError
2438,0.315,0.07091505,0.32715797
2439,0.45,0.19309519,0.33427864
2440,0.25,0.37646046,HttpError
2441,0.2,0.3035849,HttpError
2442,0.3,0.059475265,0.13667333
2443,0.35,0.065536484,0.07156328
2444,0.25,0.11299731,0.062146123
2445,0.4,0.18821275,0.23072283
2446,0.25,0.32229498,0.11752731
2447,0.3,0.0091855815,0.5135175
2448,0.2,0.027997414,HttpError
2449,0.35,0.6823716,0.5055135
2450,0.3,0.06064347,0.31401736
2451,0.25,0.32146478,0.43997958
2452,0.26,0.12064297,0.23723969
2453,0.205,0.0837939,0.19756627
2454,0.35,0.08364469,HttpError
2455,0.4,0.20773044,0.3871683
2456,0.16,0.036109712,0.06494861
2457,0.25,0.47155666,0.29027593
2458,0.3,0.10880958,HttpError
2459,0.2,0.20935762,0.37415737
2460,0.2,0.059475265,0.35947308
2461,0.3,0.045384526,0.18519983
2462,0.2,0.08730334,HttpError
2463,0.4,0.66553557,HttpError
2464,0.4,0.07040189,0.25447717
2465,0.35,0.11213265,HttpError
2466,0.2,0.029177366,HttpError
2467,0.26,0.17164992,HttpError
2468,0.35,0.11906731,0.15794377
2469,0.305,0.08702353,HttpError
2470,0.2,0.442474,0.22183838
2471,0.25,0.19833401,0.49013415
2472,0.35,0.20817629,0.23898767
2473,0.3,0.50283104,HttpError
2474,0.25,0.042000413,HttpError
2475,0.31,0.060945015,0.05614596
2476,0.26,0.07618846,0.057747938
2477,0.35,0.2037588,0.0708153
2478,0.4,0.06557036,0.3634495
2479,0.45,0.054745015,0.17253648
2480,0.25,0.7143426,HttpError
2481,0.305,0.1191767,0.13111703
2482,0.3,0.1683987,HttpError
2483,0.31,0.25700682,0.28249526
2484,0.365,0.10098944,0.27798477
2485,0.31,0.06974933,0.22428036
2486,0.35,0.08116462,0.46589994
2487,0.31,0.36062473,0.32236388
2488,0.415,0.1501285,0.12631387
2489,0.3,0.39158317,0.21474493
2490,0.255,0.17794256,0.09039839
2491,0.35,0.032275602,0.12887917
2492,0.255,0.063137196,HttpError
2493,0.35,0.06875354,0.070312485
2494,0.45,0.05420343,0.09379988
2495,0.4,0.1143664,0.1695892
2496,0.35,0.18385962,0.46589994
2497,0.4,0.10894404,0.1484312
2498,0.31,0.26475188,0.15364562
2499,0.35,0.16573378,0.117332354
2500,0.25,0.35769266,0.21749417
2501,0.35,0.24246919,0.17156965
2502,0.4,0.037480216,HttpError
2503,0.25,0.060612343,0.16535345
2504,0.3,0.19238977,HttpError
2505,0.3,0.14750257,0.19519089
2506,0.4,0.08037971,0.19713058
2507,0.45,0.35980496,0.47703516
2508,0.3,0.46082973,0.14436102
2509,0.35,0.03448509,0.47068134
2510,0.31,0.2293473,0.11774144
2511,0.5,0.8935705,0.4925741
2512,0.45,0.6079781,0.5030624
2513,0.3,0.08730334,0.38277832
2514,0.3,0.6079781,0.43421403
2515,0.4,0.073294915,HttpError
2516,0.25,0.45908472,HttpError
2517,0.3,0.11783952,0.21696042
2518,0.31,0.17035925,0.11979538
2519,0.31,0.049541775,0.43953893
2520,0.3,0.04132088,HttpError
2521,0.31,0.83785176,HttpError
2522,0.35,0.08730334,HttpError
2523,0.4,0.09412558,HttpError
2524,0.25,0.7388681,0.11196345
2525,0.3,0.2776649,0.4369218
2526,0.45,0.18249582,0.25389725
2527,0.25,0.10218931,0.23109148
2528,0.4,0.923108,0.18137199
2529,0.25,0.066590086,0.12850128
2530,0.3,0.16630165,0.27157056
2531,0.31,0.12063162,0.17766123
2532,0.25,0.21620351,HttpError
2533,0.4,0.12009507,0.22902644
2534,0.45,0.09017966,0.22642179
2535,0.35,0.7143426,HttpError
2536,0.6,0.96564394,HttpError
2537,0.2,0.1209318,HttpError
2538,0.3,0.20258069,0.104363844
2539,0.25,0.044556826,0.11333372
2540,0.35,0.20474751,HttpError
2541,0.3,0.0728591,0.15111968
2542,0.25,0.37471926,0.04675049
2543,0.4,0.06855937,HttpError
2544,0.255,0.65520185,0.68710625
2545,0.315,0.04348652,HttpError
2546,0.255,0.0569548,0.1821059
2547,0.31,0.09539043,0.32137012
2548,0.3,0.31806573,0.316209
2549,0.255,0.070714794,0.13458449
2550,0.45,0.08213448,HttpError
2551,0.4,0.2136359,HttpError
2552,0.415,0.09310082,0.14807329
2553,0.5,0.37002513,0.21148302
2554,0.4,0.18049209,0.11769783
2555,0.3,0.20228973,HttpError
2556,0.25,0.1719253,HttpError
2557,0.35,0.08730334,HttpError
2558,0.35,0.08740588,0.28845778
2559,0.355,0.69646615,0.43174213
2560,0.4,0.08996758,0.113389686
2561,0.3,0.013162086,0.12630102
2562,0.365,0.30405176,0.3355754
2563,0.75,0.96747214,HttpError
2564,0.55,0.11797861,0.19434924
2565,0.4,0.22419833,0.15294573
2566,0.25,0.07247237,0.22959715
2567,0.4,0.24318425,0.44149506
2568,0.3,0.15429588,HttpError
2569,0.45,0.031856317,0.037950452
2570,0.255,0.11683933,0.2188149
2571,0.35,0.3130233,HttpError
2572,0.5,0.9486035,0.7143426
2573,0.35,0.6182368,0.26074135
2574,0.415,0.5211443,0.5859479
2575,0.42,0.2220675,0.38677347
2576,0.255,0.18555845,HttpError
2577,0.31,0.66553557,0.32162055
2578,0.25,0.20310189,HttpError
2579,0.3,0.38271487,HttpError
2580,0.35,0.08730334,HttpError
2581,0.25,0.05430724,HttpError
2582,0.4,0.16008128,HttpError
2583,0.5,0.32208943,0.36529422
2584,0.35,0.22940773,HttpError
2585,0.35,0.21640223,0.14064243
2586,0.25,0.10727658,0.16189057
2587,0.45,0.041184977,0.068572894
2588,0.4,0.451215,HttpError
2589,0.3,0.16008128,HttpError
2590,0.3,0.08730334,0.15141594
2591,0.42,0.21648812,0.6079781
2592,0.355,0.07171492,0.079128206
2593,0.45,0.28992838,0.1546167
2594,0.25,0.112053774,HttpError
2595,0.365,0.044189572,0.23306686
2596,0.35,0.02255041,0.19643189
2597,0.35,0.24933368,HttpError
2598,0.31,0.21349172,0.16169748
2599,0.4,0.48898554,0.5313036
2600,0.3,0.028248206,HttpError
2601,0.31,0.12278693,HttpError
2602,0.3,0.07319775,0.08107284
2603,0.31,0.18652077,0.12243831
2604,0.4,0.12301757,0.12803467
2605,0.3,0.16285226,0.22940402
2606,0.31,0.36617327,0.64068305
2607,0.4,0.0164312,HttpError
2608,0.35,0.14104292,0.28370818
2609,0.365,0.249564,0.16476473
2610,0.305,0.871496,0.057383277
2611,0.35,0.13644864,HttpError
2612,0.35,0.22002372,0.23499404
2613,0.45,0.12070066,0.19529873
2614,0.305,0.95314676,0.5656482
2615,0.4,0.046828467,0.2229221
2616,0.32,0.06251509,0.26612425
2617,0.55,0.1582939,HttpError
2618,0.4,0.05498104,HttpError
2619,0.255,0.38336122,0.35760677
2620,0.3,0.14602436,0.121772714
2621,0.35,0.3820755,HttpError
2622,0.25,0.06475802,0.16660322
2623,0.45,0.012657683,0.04036497
2624,0.4,0.14914627,0.24349129
2625,0.45,0.022214174,0.25436774
2626,0.3,0.21870117,0.30694202
2627,0.255,0.120097846,0.29896966
2628,0.31,0.2515224,0.4964984
2629,0.35,0.20168018,0.29480663
2630,0.205,0.2568331,0.32177475
2631,0.405,0.34434402,HttpError
2632,0.255,0.3754187,0.43865806
2633,0.365,0.11269428,0.23855515
2634,0.255,0.070828885,0.25231367
2635,0.5,0.07804536,0.11790079
2636,0.42,0.038941205,0.18323374
2637,0.25,0.0351744,HttpError
2638,0.31,0.18301281,HttpError
2639,0.35,0.12080327,0.13722408
2640,0.35,0.039533805,0.07813601
2641,0.35,0.1618188,0.20375538
2642,0.25,0.073845804,0.09347834
2643,0.4,0.23079234,0.23636648
2644,0.35,0.17891967,0.1193355
2645,0.45,0.093254514,0.13264543
2646,0.4,0.066519976,HttpError
2647,0.4,0.5073281,HttpError
2648,0.31,0.13872454,HttpError
2649,0.255,0.08730334,0.36760426
2650,0.355,0.08730334,0.43036482
2651,0.45,0.077463046,HttpError
2652,0.3,0.23112018,0.24892017
2653,0.3,0.6519473,0.07897994
2654,0.35,0.057292674,HttpError
2655,0.25,0.2549317,0.27150798
2656,0.3,0.08468702,HttpError
2657,0.3,0.11321428,0.2206099
2658,0.25,0.17740673,HttpError
2659,0.3,0.21616536,0.11933026
2660,0.35,0.08796156,HttpError
2661,0.2,0.009560435,0.7143426
2662,0.45,0.29656386,0.22746575
2663,0.3,0.11320052,HttpError
2664,0.25,0.06450546,HttpError
2665,0.3,0.27746993,HttpError
2666,0.355,0.0670837,0.22469826
2667,0.31,0.10289926,0.1830656
2668,0.4,0.06502429,0.1539199
2669,0.4,0.023681154,0.2266019
2670,0.35,0.14419554,0.44456708
2671,0.255,0.3212831,0.25224623
2672,0.365,0.101374514,0.38625515
2673,0.25,0.022603916,HttpError
2674,0.31,0.07484803,HttpError
2675,0.35,0.27699208,0.38176244
2676,0.31,0.013839571,0.077682145
2677,0.37,0.2917836,0.46589994
2678,0.25,0.0560709,HttpError
2679,0.45,0.31568393,0.041598216
2680,0.4,0.042026885,0.128218
2681,0.31,0.16337468,HttpError
2682,0.3,0.03030641,HttpError
2683,0.65,0.8317177,HttpError
2684,0.45,0.39394122,0.21304588
2685,0.25,0.16869643,0.2732409
2686,0.4,0.2999569,0.3678418
2687,0.45,0.06977582,0.10558272
2688,0.35,0.20758009,0.7143426
2689,0.3,0.028911341,HttpError
2690,0.5,0.09475311,0.09487082
2691,0.25,0.21865709,0.07837329
2692,0.3,0.058343112,0.09638133
2693,0.35,0.22228263,0.07568128
2694,0.31,0.11981769,0.0632907
2695,0.4,0.07014821,HttpError
2696,0.25,0.086668774,HttpError
2697,0.31,0.19388326,0.14655331
2698,0.4,0.096315295,0.1744141
2699,0.45,0.4876931,0.35483852
2700,0.35,0.36658922,HttpError
2701,0.355,0.9331562,HttpError
2702,0.35,0.12775002,HttpError
2703,0.4,0.066392034,0.24880455
2704,0.45,0.26078892,HttpError
2705,0.36,0.6587229,0.22684738
2706,0.3,0.09622308,0.2802529
2707,0.3,0.24179973,0.18373129
2708,0.3,0.14912108,0.12901351
2709,0.3,0.22743824,HttpError
2710,0.3,0.070159905,HttpError
2711,0.4,0.01658759,HttpError
2712,0.45,0.2508098,0.37369657
2713,0.255,0.047806088,0.06858789
2714,0.31,0.10998954,HttpError
2715,0.35,0.1887992,0.375265
2716,0.3,0.1484632,HttpError
2717,0.35,0.11582171,0.15601015
2718,0.365,0.07013071,0.0675582
2719,0.31,0.025953205,0.6519473
2720,0.4,0.10041469,0.17276058
2721,0.365,0.117434494,0.12586556
2722,0.41,0.17303942,HttpError
2723,0.37,0.61853707,HttpError
2724,0.4,0.15440463,HttpError
2725,0.35,0.051937647,HttpError
2726,0.45,0.07237312,HttpError
2727,0.3,0.10616315,0.007046561
2728,0.25,0.059475265,HttpError
2729,0.45,0.07122383,HttpError
2730,0.4,0.098335855,0.15327163
2731,0.3,0.029888952,0.30669978
2732,0.42,0.15078194,0.16671398
2733,0.35,0.06903735,HttpError
2734,0.31,0.16098359,0.07347485
2735,0.42,0.14148702,HttpError
2736,0.35,0.028625784,0.2083536
2737,0.45,0.026032424,0.30573678
2738,0.255,0.072671585,0.18860784
2739,0.3,0.05065831,HttpError
2740,0.255,0.30506447,0.45499417
2741,0.4,0.46228236,HttpError
2742,0.3,0.060980838,0.067380786
2743,0.3,0.058227934,0.07282461
2744,0.36,0.10381698,HttpError
2745,0.3,0.06323821,HttpError
2746,0.35,0.09076914,HttpError
2747,0.4,0.5705242,0.37240526
2748,0.35,0.087303296,0.059412777
2749,0.45,0.0790606,0.552958
2750,0.3,0.11817372,0.08548494
2751,0.25,0.022502325,0.24628794
2752,0.255,0.16728285,0.3085722
2753,0.4,0.15040223,0.3223992
2754,0.4,0.9208374,HttpError
2755,0.35,0.26971787,HttpError
2756,0.25,0.07383903,HttpError
2757,0.3,0.37113342,0.17865904
2758,0.4,0.36297396,HttpError
2759,0.45,0.17897753,HttpError
2760,0.25,0.07164049,0.06592535
2761,0.3,0.2355333,0.3958012
2762,0.3,0.07041788,0.1236178
2763,0.315,0.029803839,HttpError
2764,0.35,0.17382598,HttpError
2765,0.31,0.11774282,HttpError
2766,0.425,0.034787733,0.041557007
2767,0.35,0.33452776,0.13739024
2768,0.315,0.2831087,HttpError
2769,0.26,0.02404441,HttpError
2770,0.4,0.21732935,0.20459391
2771,0.26,0.26648304,HttpError
2772,0.25,0.21908508,0.10703833
2773,0.315,0.16513687,0.6470137
2774,0.305,0.5349318,0.17178352
2775,0.4,0.048157275,0.23762074
2776,0.4,0.17725706,0.27461672
2777,0.37,0.12045558,0.30396816
2778,0.4,0.2001195,HttpError
2779,0.3,0.21983469,0.22059952
2780,0.315,0.1516121,0.17790376
2781,0.35,0.12040874,0.053957228
2782,0.26,0.09895107,0.20178421
2783,0.36,0.17651041,0.2728271
2784,0.365,0.118746914,0.22615373
2785,0.4,0.10130231,0.11790334
2786,0.45,0.033689547,0.21826963
2787,0.3,0.06522034,0.12368912
2788,0.31,0.10811824,0.23516871
2789,0.4,0.15323973,0.2326123
2790,0.35,0.13160567,0.24407691
2791,0.45,0.19491297,0.0899167
2792,0.2,0.022108218,HttpError
2793,0.4,0.22065055,0.22750808
2794,0.4,0.5038981,0.20658469
2795,0.3,0.1172237,0.1777504
2796,0.25,0.10306763,HttpError
2797,0.45,0.12098356,0.0706318
2798,0.3,0.28698644,0.68672085
2799,0.3,0.030116567,0.16351782
2800,0.25,0.15050104,0.12158499
2801,0.2,0.20898944,0.122130625
2802,0.3,0.10237644,HttpError
2803,0.25,0.053799607,0.19483016
2804,0.35,0.55313057,HttpError
2805,0.4,0.1501246,0.08849438
2806,0.3,0.08932704,0.2393041
2807,0.3,0.24584626,0.10897625
2808,0.35,0.051098477,0.12148966
2809,0.25,0.12305002,0.0918357
2810,0.25,0.06949181,0.20847583
2811,0.45,0.0632248,0.20746665
2812,0.45,0.46589994,HttpError
2813,0.4,0.24459189,0.15605439
2814,0.35,0.08118219,0.087981366
2815,0.35,0.2830144,0.5398131
2816,0.3,0.22764978,0.11037493
2817,0.3,0.063774586,0.06626785
2818,0.25,0.11057257,0.32229504
2819,0.35,0.4371341,HttpError
2820,0.315,0.5471299,HttpError
2821,0.3,0.025659628,0.023730684
2822,0.35,0.54712987,HttpError
2823,0.5,0.06875777,HttpError
2824,0.35,0.047501497,0.035040278
2825,0.45,0.054614097,HttpError
2826,0.4,0.059475265,HttpError
2827,0.35,0.31507963,0.2815293
2828,0.3,0.08121393,0.11665936
2829,0.25,0.31922564,HttpError
2830,0.3,0.09856661,0.20245333
2831,0.4,0.031728458,HttpError
2832,0.35,0.40487948,0.4422423
2833,0.25,0.34408867,0.31404468
2834,0.255,0.036308598,0.08453494
2835,0.305,0.14384885,0.2256818
2836,0.35,0.118715435,0.13093674
2837,0.4,0.041721668,0.09266629
2838,0.3,0.36942253,0.27628848
2839,0.45,0.46589994,0.32207042
2840,0.45,0.1590101,HttpError
2841,0.3,0.03296951,0.11495985
2842,0.25,0.46589994,0.32143772
2843,0.35,0.059238743,0.20088227
2844,0.3,0.12266908,0.25209406
2845,0.4,0.22587223,0.22451416
2846,0.25,0.14206238,HttpError
2847,0.25,0.17378825,0.124127604
2848,0.3,0.31286663,HttpError
2849,0.35,0.058330435,0.09119462
2850,0.25,0.13271429,HttpError
2851,0.2,0.5310077,0.5309902
2852,0.35,0.09256462,0.21934275
2853,0.25,0.11070145,0.24593063
2854,0.4,0.060937475,0.18082984
2855,0.3,0.032801244,HttpError
2856,0.35,0.16161498,0.19037826
2857,0.4,0.3037428,0.32347625
2858,0.3,0.06254716,0.07477079
2859,0.25,0.2251945,0.20158125
2860,0.2,0.0872959,0.27947474
2861,0.25,0.08415787,0.074530646
2862,0.26,0.13853066,0.1954027
2863,0.205,0.08895502,0.24058962
2864,0.25,0.064952575,0.21971107
2865,0.25,0.053797405,HttpError
2866,0.35,0.22207114,0.35502353
2867,0.2,0.376757,HttpError
2868,0.35,0.106468335,0.17431454
2869,0.3,0.07125981,0.27798262
2870,0.35,0.062376477,0.22137012
2871,0.25,0.09171774,0.1499007
2872,0.255,0.06781599,HttpError
2873,0.25,0.08730334,HttpError
2874,0.25,0.23244123,HttpError
2875,0.1,0.03875462,0.040915318
2876,0.35,0.0481339,0.19156297
2877,0.25,0.07035325,0.11857175
2878,0.2,0.07955209,0.28008577
2879,0.35,0.16031155,0.075615436
2880,0.35,0.1335238,0.2265244
2881,0.365,0.11945922,0.22330402
2882,0.25,0.5243082,0.35883814
2883,0.25,0.7666879,HttpError
2884,0.3,0.43147868,HttpError
2885,0.35,0.07670267,0.17671895
2886,0.3,0.09637147,0.119654775
2887,0.26,0.12160908,0.109282695
2888,0.25,0.075016856,HttpError
2889,0.2,0.07656454,0.14592606
2890,0.1,0.048940893,HttpError
2891,0.35,0.17107955,0.41246834
2892,0.3,0.02579721,HttpError
2893,0.3,0.04071945,0.035721276
2894,0.45,0.11949946,0.18428926
2895,0.3,0.0643197,0.6736672
2896,0.25,0.21261826,0.4396654
2897,0.3,0.76644164,0.21838138
2898,0.35,0.14905724,0.18575333
2899,0.25,0.036236078,HttpError
2900,0.45,0.0811934,0.12245829
2901,0.25,0.22488515,0.15596093
2902,0.205,0.12229116,0.43247145
2903,0.35,0.11621345,0.24224448
2904,0.4,0.07395417,HttpError
2905,0.25,0.078139596,0.12837149
2906,0.35,0.4050156,0.21066424
2907,0.35,0.039993152,0.09748473
2908,0.31,0.11479675,0.10947008
2909,0.255,0.23272438,0.15787229
2910,0.3,0.09628322,0.34386775
2911,0.4,0.051954377,0.06995253
2912,0.375,0.08267537,0.23879768
2913,0.3,0.07880997,HttpError
2914,0.37,0.38257122,HttpError
2915,0.31,0.06485181,HttpError
2916,0.305,0.04803412,HttpError
2917,0.255,0.026662586,0.32184303
2918,0.3,0.11388379,HttpError
2919,0.31,0.119867526,HttpError
2920,0.25,0.098011315,0.07393027
2921,0.4,0.13234498,0.25204277
2922,0.3,0.48328495,HttpError
2923,0.4,0.21605067,0.12012989
2924,0.45,0.24909876,HttpError
2925,0.25,0.09649877,0.34628606
2926,0.31,0.2494761,0.251527
2927,0.31,0.037207562,HttpError
2928,0.31,0.4865368,HttpError
2929,0.31,0.22511591,HttpError
2930,0.4,0.29430452,0.10460035
2931,0.45,0.08022373,0.18430741
2932,0.4,0.22271189,0.06638903
2933,0.35,0.040928993,0.13847661
2934,0.3,0.122394115,0.4335277
2935,0.25,0.038428515,HttpError
2936,0.3,0.06775729,0.29550436
2937,0.35,0.28488216,0.2913476
2938,0.25,0.097639285,0.18524857
2939,0.25,0.08378329,HttpError
2940,0.3,0.048406128,0.13581096
2941,0.25,0.18152817,0.32203645
2942,0.3,0.078893304,0.15981494
2943,0.26,0.013654889,0.24456109
2944,0.25,0.06600787,0.2787896
2945,0.25,0.1584825,0.15544997
2946,0.4,0.24718134,0.24963595
2947,0.3,0.08630335,HttpError
2948,0.26,0.09386394,0.234501
2949,0.26,0.025854828,HttpError
2950,0.315,0.13232954,0.20436113
2951,0.155,0.08327904,HttpError
2952,0.425,0.04616709,0.12091652
2953,0.365,0.43153173,HttpError
2954,0.45,0.1120878,0.15576679
2955,0.365,0.21478266,0.2160351
2956,0.35,0.23320371,0.4425028
2957,0.4,0.044240512,0.08262493
2958,0.425,0.22933272,HttpError
2959,0.3,0.09244834,0.28305113
2960,0.35,0.11942978,0.07991684
2961,0.4,0.2268146,0.16013394
2962,0.31,0.07547816,HttpError
2963,0.35,0.09432736,HttpError
2964,0.45,0.035952646,0.36633974
2965,0.35,0.10905948,HttpError
2966,0.45,0.09244834,0.28305113
2967,0.35,0.064551,0.059222776
2968,0.3,0.22658306,0.24960056
2969,0.5,0.7085429,HttpError
2970,0.265,0.043943472,HttpError
2971,0.4,0.09655202,0.07010779
2972,0.3,0.02766662,HttpError
2973,0.65,0.9667791,0.045109104
2974,0.45,0.49934104,0.8328071
2975,0.25,0.18640022,0.12162864
2976,0.3,0.07838941,0.22046256
2977,0.31,0.06408348,0.28313246
2978,0.4,0.24765849,0.32121482
2979,0.35,0.18666229,0.07257779
2980,0.35,0.15031783,0.1178355
2981,0.3,0.22122903,HttpError
2982,0.45,0.15340814,0.37984827
2983,0.3,0.10164579,0.44097945
2984,0.3,0.26695037,0.076135635
2985,0.35,0.045575015,0.027134515
2986,0.45,0.016650049,0.06200914
2987,0.35,0.08737361,0.26497218
2988,0.255,0.12780122,0.25128707
2989,0.31,0.013162086,0.2241685
2990,0.4,0.06888975,0.24646404
2991,0.4,0.0642646,0.43305218
2992,0.35,0.42846182,HttpError
2993,0.51,0.46589994,0.16367555
2994,0.365,0.078542486,0.3851655
2995,0.255,0.20623338,HttpError
2996,0.365,0.045879457,0.15893938
2997,0.5,0.03002066,0.32211804
2998,0.4,0.095006056,0.9244097
2999,0.55,0.97005093,HttpError
3000,0.2,0.067119926,0.07449051
